Workbook

Sheet Zbiorczy
A1: =Karta!A2 | B1: =Karta!B2 | C1: =Karta!C2 | D1: =Karta!D2 | E1: =Karta!E2 | F1: =Karta!F2 | G1: =Karta!G2 | H1: =Karta!H2 | ... AB1: =Karta!AB2 | AC1: =Karta!AG2 | AD1: =Karta!AH2 | AE1: =Karta!AI2 | AF1: =Karta!AJ2 | AG1: =Karta!AL2 | AH1: =Karta!AM2 | AI1: =Karta!AN2 | AJ1: =Karta!AO2 | AK1: =Karta!AP2 | AL1: =Karta!AQ2 | AM1: =Karta!AR2 | AN1: =Karta!AS2 | ... AS1: =Karta!AX2 | AT1: =Karta!BC2 | AU1: =Karta!BD2 | AV1: =Karta!BE2 | AW1: =Karta!BF2 | AX1: =Karta!BH2 | AY1: =Karta!BI2 | AZ1: =Karta!BJ2 | BA1: =Karta!BK2 | BB1: =Karta!BL2 | BC1: =Karta!BM2 | BD1: =Karta!BN2 | BE1: =Karta!BO2 | ... CE1: =Karta!CO2
A2: 0 | B2: 0 | C2: 0 | D2: 0 | E2: HARMONOGRAM SKOMPRESOWANY v1 | 01.01.2027 – 28.09.2029 | Kompresja −40% per zadanie | Endava +5 etatów | AGH +4 etatów | F2: 0 | G2: 0 | H2: 0 | I2: 0 | J2: 0 | K2: 0 | L2: 0 | M2: 0 | N2: 0 | O2: =SUM(O101:O1300) | P2: 0 | Q2: 0 | R2: 0 | S2: 0 | T2: 0 | U2: 0 | V2: 0 | W2: 0 | X2: 0 | Y2: 0 | Z2: 0 | AA2: 0 | AB2: 0 | AC2: 0 | AD2: 0 | AE2: 0 | AF2: 0 | AG2: =SUM(AG101:AG1300) | AH2: =SUM(AH101:AH1300) | AI2: =SUM(AI101:AI1300) | AJ2: =SUM(AJ101:AJ1300) | AK2: =SUM(AK101:AK1300) | AL2: =SUM(AL101:AL1300) | AM2: =SUM(AM101:AM1300) | AN2: =SUM(AN101:AN1300) | ... AW2: =SUM(AW101:AW1300) | AX2: 0 | AY2: 0 | AZ2: 0 | BA2: 0 | BB2: 0 | BC2: 0 | BD2: 0 | BE2: 0 | BF2: 0 | BG2: 0 | BH2: 0 | BI2: 0 | BJ2: 0 | BK2: 0 | BL2: 0 | BM2: 0 | BN2: 0 | BO2: 0 | BP2: 0 | BQ2: 0 | BR2: 0 | BS2: 0 | BT2: 0 | BU2: 0 | BV2: 0 | BW2: 0 | BX2: 0 | BY2: 0 | BZ2: 0 | CA2: 0 | CB2: 0 | CC2: 0 | CD2: 0 | CE2: 0
A3: 0 | B3: 0 | C3: 0 | D3: 0 | E3: 0 | F3: 0 | G3: 0 | H3: 0 | I3: 0 | J3: 0 | K3: 0 | L3: 0 | M3: 0 | N3: 0 | O3: =SUM(AG2:AW2) | P3: 0 | Q3: 0 | R3: 0 | S3: 0 | T3: 0 | U3: 0 | V3: 0 | W3: 0 | X3: 0 | Y3: 0 | Z3: 0 | AA3: 0 | AB3: 0 | AC3: 0 | AD3: 0 | AE3: 0 | AF3: 0 | AG3: 0 | AH3: 0 | AI3: 0 | AJ3: 0 | AK3: 0 | AL3: 0 | AM3: 0 | AN3: 0 | AO3: 0 | AP3: 0 | AQ3: 0 | AR3: 0 | AS3: 0 | AT3: 0 | AU3: 0 | AV3: 0 | AW3: 0 | AX3: 0 | AY3: 0 | AZ3: 0 | BA3: 0 | BB3: 0 | BC3: 0 | BD3: 0 | BE3: 0 | BF3: 0 | BG3: 0 | BH3: 0 | BI3: 0 | BJ3: 0 | BK3: 0 | BL3: 0 | BM3: 0 | BN3: 0 | BO3: 0 | BP3: 0 | BQ3: 0 | BR3: 0 | BS3: 0 | BT3: 0 | BU3: 0 | BV3: 0 | BW3: 0 | BX3: 0 | BY3: 0 | BZ3: 0 | CA3: 0 | CB3: 0 | CC3: 0 | CD3: 0 | CE3: 0
A4: 0 | B4: 0 | C4: 0 | D4: 0 | E4: 0 | F4: 0 | G4: 0 | H4: 0 | I4: 0 | J4: 0 | K4: 0 | L4: 0 | M4: 0 | N4: 0 | O4: =O2-O3 | P4: 0 | Q4: 0 | R4: 0 | S4: 0 | T4: 0 | U4: 0 | V4: 0 | W4: 0 | X4: 0 | Y4: 0 | Z4: 0 | AA4: 0 | AB4: 0 | AC4: 0 | AD4: 0 | AE4: 0 | AF4: 0 | AG4: 0 | AH4: 0 | AI4: 0 | AJ4: 0 | AK4: 0 | AL4: 0 | AM4: 0 | AN4: 0 | AO4: 0 | AP4: 0 | AQ4: 0 | AR4: 0 | AS4: 0 | AT4: 0 | AU4: 0 | AV4: 0 | AW4: 0 | AX4: 0 | AY4: 0 | AZ4: 0 | BA4: 0 | BB4: 0 | BC4: 0 | BD4: 0 | BE4: 0 | BF4: 0 | BG4: 0 | BH4: 0 | BI4: 0 | BJ4: 0 | BK4: 0 | BL4: 0 | BM4: 0 | BN4: 0 | BO4: 0 | BP4: 0 | BQ4: 0 | BR4: 0 | BS4: 0 | BT4: 0 | BU4: 0 | BV4: 0 | BW4: 0 | BX4: 0 | BY4: 0 | BZ4: 0 | CA4: 0 | CB4: 0 | CC4: 0 | CD4: 0 | CE4: 0
A5: 0 | B5: 0 | C5: 0 | D5: 0 | E5: 0 | F5: 0 | G5: 0 | H5: 0 | I5: 0 | J5: 0 | K5: 0 | L5: 0 | M5: 0 | N5: 0 | O5: 0 | P5: 0 | Q5: 0 | R5: 0 | S5: 0 | T5: 0 | U5: 0 | V5: 0 | W5: 0 | X5: 0 | Y5: 0 | Z5: 0 | AA5: 0 | AB5: 0 | AC5: 0 | AD5: 0 | AE5: 0 | AF5: 0 | AG5: 0 | AH5: 0 | AI5: 0 | AJ5: 0 | AK5: 0 | AL5: 0 | AM5: 0 | AN5: 0 | AO5: 0 | AP5: 0 | AQ5: 0 | AR5: 0 | AS5: 0 | AT5: 0 | AU5: 0 | AV5: 0 | AW5: 0 | AX5: 0 | AY5: 0 | AZ5: 0 | BA5: 0 | BB5: 0 | BC5: 0 | BD5: 0 | BE5: 0 | BF5: 0 | BG5: 0 | BH5: 0 | BI5: 0 | BJ5: 0 | BK5: 0 | BL5: 0 | BM5: 0 | BN5: 0 | BO5: 0 | BP5: 0 | BQ5: 0 | BR5: 0 | BS5: 0 | BT5: 0 | BU5: 0 | BV5: 0 | BW5: 0 | BX5: 0 | BY5: 0 | BZ5: 0 | CA5: 0 | CB5: 0 | CC5: 0 | CD5: 0 | CE5: 0
A6: 0 | B6: 0 | C6: 0 | D6: 0 | E6: 0 | F6: 0 | G6: 0 | H6: 0 | I6: 0 | J6: 0 | K6: 0 | L6: 0 | M6: 0 | N6: 0 | O6: 0 | P6: 0 | Q6: 0 | R6: 0 | S6: 0 | T6: 0 | U6: 0 | V6: 0 | W6: 0 | X6: 0 | Y6: 0 | Z6: 0 | AA6: 0 | AB6: 0 | AC6: 0 | AD6: 0 | AE6: 0 | AF6: 0 | AG6: 0 | AH6: 0 | AI6: 0 | AJ6: 0 | AK6: 0 | AL6: 0 | AM6: 0 | AN6: 0 | AO6: 0 | AP6: 0 | AQ6: 0 | AR6: 0 | AS6: 0 | AT6: 0 | AU6: 0 | AV6: 0 | AW6: 0 | AX6: 0 | AY6: 0 | AZ6: 0 | BA6: 0 | BB6: 0 | BC6: 0 | BD6: 0 | BE6: 0 | BF6: 0 | BG6: 0 | BH6: 0 | BI6: 0 | BJ6: 0 | BK6: 0 | BL6: 0 | BM6: 0 | BN6: 0 | BO6: 0 | BP6: 0 | BQ6: 0 | BR6: 0 | BS6: 0 | BT6: 0 | BU6: 0 | BV6: 0 | BW6: 0 | BX6: 0 | BY6: 0 | BZ6: 0 | CA6: 0 | CB6: 0 | CC6: 0 | CD6: 0 | CE6: 0
A7: 0 | B7: 0 | C7: 0 | D7: 0 | E7: 0 | F7: 0 | G7: 0 | H7: 0 | I7: 0 | J7: 0 | K7: 0 | L7: 0 | M7: 0 | N7: 0 | O7: 0 | P7: 0 | Q7: 0 | R7: 0 | S7: 0 | T7: 0 | U7: 0 | V7: 0 | W7: 0 | X7: 0 | Y7: 0 | Z7: 0 | AA7: 0 | AB7: 0 | AC7: 0 | AD7: 0 | AE7: 0 | AF7: 0 | AG7: 0 | AH7: 0 | AI7: 0 | AJ7: 0 | AK7: 0 | AL7: 0 | AM7: 0 | AN7: 0 | AO7: 0 | AP7: 0 | AQ7: 0 | AR7: 0 | AS7: 0 | AT7: 0 | AU7: 0 | AV7: 0 | AW7: 0 | AX7: 0 | AY7: 0 | AZ7: 0 | BA7: 0 | BB7: 0 | BC7: 0 | BD7: 0 | BE7: 0 | BF7: 0 | BG7: 0 | BH7: 0 | BI7: 0 | BJ7: 0 | BK7: 0 | BL7: 0 | BM7: 0 | BN7: 0 | BO7: 0 | BP7: 0 | BQ7: 0 | BR7: 0 | BS7: 0 | BT7: 0 | BU7: 0 | BV7: 0 | BW7: 0 | BX7: 0 | BY7: 0 | BZ7: 0 | CA7: 0 | CB7: 0 | CC7: 0 | CD7: 0 | CE7: 0
A8: 0 | B8: 0 | C8: 0 | D8: 0 | E8: 0 | F8: 0 | G8: 0 | H8: 0 | I8: 0 | J8: 0 | K8: 0 | L8: 0 | M8: 0 | N8: 0 | O8: 0 | P8: 0 | Q8: 0 | R8: 0 | S8: 0 | T8: 0 | U8: 0 | V8: 0 | W8: 0 | X8: 0 | Y8: 0 | Z8: 0 | AA8: 0 | AB8: 0 | AC8: 0 | AD8: 0 | AE8: 0 | AF8: 0 | AG8: 0 | AH8: 0 | AI8: 0 | AJ8: 0 | AK8: 0 | AL8: 0 | AM8: 0 | AN8: 0 | AO8: 0 | AP8: 0 | AQ8: 0 | AR8: 0 | AS8: 0 | AT8: 0 | AU8: 0 | AV8: 0 | AW8: 0 | AX8: 0 | AY8: 0 | AZ8: 0 | BA8: 0 | BB8: 0 | BC8: 0 | BD8: 0 | BE8: 0 | BF8: 0 | BG8: 0 | BH8: 0 | BI8: 0 | BJ8: 0 | BK8: 0 | BL8: 0 | BM8: 0 | BN8: 0 | BO8: 0 | BP8: 0 | BQ8: 0 | BR8: 0 | BS8: 0 | BT8: 0 | BU8: 0 | BV8: 0 | BW8: 0 | BX8: 0 | BY8: 0 | BZ8: 0 | CA8: 0 | CB8: 0 | CC8: 0 | CD8: 0 | CE8: 0
A9: 0 | B9: 0 | C9: 0 | D9: 0 | E9: 0 | F9: 0 | G9: 0 | H9: 0 | I9: 0 | J9: 0 | K9: 0 | L9: 0 | M9: 0 | N9: 0 | O9: 0 | P9: 0 | Q9: 0 | R9: 0 | S9: 0 | T9: 0 | U9: 0 | V9: 0 | W9: 0 | X9: 0 | Y9: 0 | Z9: 0 | AA9: 0 | AB9: 0 | AC9: 0 | AD9: 0 | AE9: 0 | AF9: 0 | AG9: 0 | AH9: 0 | AI9: 0 | AJ9: 0 | AK9: 0 | AL9: 0 | AM9: 0 | AN9: 0 | AO9: 0 | AP9: 0 | AQ9: 0 | AR9: 0 | AS9: 0 | AT9: 0 | AU9: 0 | AV9: 0 | AW9: 0 | AX9: 0 | AY9: 0 | AZ9: 0 | BA9: 0 | BB9: 0 | BC9: 0 | BD9: 0 | BE9: 0 | BF9: 0 | BG9: 0 | BH9: 0 | BI9: 0 | BJ9: 0 | BK9: 0 | BL9: 0 | BM9: 0 | BN9: 0 | BO9: 0 | BP9: 0 | BQ9: 0 | BR9: 0 | BS9: 0 | BT9: 0 | BU9: 0 | BV9: 0 | BW9: 0 | BX9: 0 | BY9: 0 | BZ9: 0 | CA9: 0 | CB9: 0 | CC9: 0 | CD9: 0 | CE9: 0
A10: 0 | B10: 0 | C10: 0 | D10: 0 | E10: 0 | F10: 0 | G10: 0 | H10: 0 | I10: 0 | J10: 0 | K10: 0 | L10: 0 | M10: 0 | N10: 0 | O10: 0 | P10: 0 | Q10: 0 | R10: 0 | S10: 0 | T10: 0 | U10: 0 | V10: 0 | W10: 0 | X10: 0 | Y10: 0 | Z10: 0 | AA10: 0 | AB10: 0 | AC10: 0 | AD10: 0 | AE10: 0 | AF10: 0 | AG10: 0 | AH10: 0 | AI10: 0 | AJ10: 0 | AK10: 0 | AL10: 0 | AM10: 0 | AN10: 0 | AO10: 0 | AP10: 0 | AQ10: 0 | AR10: 0 | AS10: 0 | AT10: 0 | AU10: 0 | AV10: 0 | AW10: 0 | AX10: 0 | AY10: 0 | AZ10: 0 | BA10: 0 | BB10: 0 | BC10: 0 | BD10: 0 | BE10: 0 | BF10: 0 | BG10: 0 | BH10: 0 | BI10: 0 | BJ10: 0 | BK10: 0 | BL10: 0 | BM10: 0 | BN10: 0 | BO10: 0 | BP10: 0 | BQ10: 0 | BR10: 0 | BS10: 0 | BT10: 0 | BU10: 0 | BV10: 0 | BW10: 0 | BX10: 0 | BY10: 0 | BZ10: 0 | CA10: 0 | CB10: 0 | CC10: 0 | CD10: 0 | CE10: 0
A11: 0 | B11: 0 | C11: 0 | D11: 0 | E11: 0 | F11: 0 | G11: 0 | H11: 0 | I11: 0 | J11: 0 | K11: 0 | L11: 0 | M11: 0 | N11: 0 | O11: 0 | P11: 0 | Q11: 0 | R11: 0 | S11: 0 | T11: 0 | U11: 0 | V11: 0 | W11: 0 | X11: 0 | Y11: 0 | Z11: 0 | AA11: 0 | AB11: 0 | AC11: 0 | AD11: 0 | AE11: 0 | AF11: 0 | AG11: 0 | AH11: 0 | AI11: 0 | AJ11: 0 | AK11: 0 | AL11: 0 | AM11: 0 | AN11: 0 | AO11: 0 | AP11: 0 | AQ11: 0 | AR11: 0 | AS11: 0 | AT11: 0 | AU11: 0 | AV11: 0 | AW11: 0 | AX11: 0 | AY11: 0 | AZ11: 0 | BA11: 0 | BB11: 0 | BC11: 0 | BD11: 0 | BE11: 0 | BF11: 0 | BG11: 0 | BH11: 0 | BI11: 0 | BJ11: 0 | BK11: 0 | BL11: 0 | BM11: 0 | BN11: 0 | BO11: 0 | BP11: 0 | BQ11: 0 | BR11: 0 | BS11: 0 | BT11: 0 | BU11: 0 | BV11: 0 | BW11: 0 | BX11: 0 | BY11: 0 | BZ11: 0 | CA11: 0 | CB11: 0 | CC11: 0 | CD11: 0 | CE11: 0
A12: 0 | B12: 0 | C12: 0 | D12: 0 | E12: 0 | F12: 0 | G12: 0 | H12: 0 | I12: 0 | J12: 0 | K12: 0 | L12: 0 | M12: 0 | N12: 0 | O12: 0 | P12: 0 | Q12: 0 | R12: 0 | S12: 0 | T12: 0 | U12: 0 | V12: 0 | W12: 0 | X12: 0 | Y12: 0 | Z12: 0 | AA12: 0 | AB12: 0 | AC12: 0 | AD12: 0 | AE12: 0 | AF12: 0 | AG12: 0 | AH12: 0 | AI12: 0 | AJ12: 0 | AK12: 0 | AL12: 0 | AM12: 0 | AN12: 0 | AO12: 0 | AP12: 0 | AQ12: 0 | AR12: 0 | AS12: 0 | AT12: 0 | AU12: 0 | AV12: 0 | AW12: 0 | AX12: 0 | AY12: 0 | AZ12: 0 | BA12: 0 | BB12: 0 | BC12: 0 | BD12: 0 | BE12: 0 | BF12: 0 | BG12: 0 | BH12: 0 | BI12: 0 | BJ12: 0 | BK12: 0 | BL12: 0 | BM12: 0 | BN12: 0 | BO12: 0 | BP12: 0 | BQ12: 0 | BR12: 0 | BS12: 0 | BT12: 0 | BU12: 0 | BV12: 0 | BW12: 0 | BX12: 0 | BY12: 0 | BZ12: 0 | CA12: 0 | CB12: 0 | CC12: 0 | CD12: 0 | CE12: 0
A13: 0 | B13: 0 | C13: 0 | D13: 0 | E13: 0 | F13: 0 | G13: 0 | H13: 0 | I13: 0 | J13: 0 | K13: 0 | L13: 0 | M13: 0 | N13: 0 | O13: 0 | P13: 0 | Q13: 0 | R13: 0 | S13: 0 | T13: 0 | U13: 0 | V13: 0 | W13: 0 | X13: 0 | Y13: 0 | Z13: 0 | AA13: 0 | AB13: 0 | AC13: 0 | AD13: 0 | AE13: 0 | AF13: 0 | AG13: 0 | AH13: 0 | AI13: 0 | AJ13: 0 | AK13: 0 | AL13: 0 | AM13: 0 | AN13: 0 | AO13: 0 | AP13: 0 | AQ13: 0 | AR13: 0 | AS13: 0 | AT13: 0 | AU13: 0 | AV13: 0 | AW13: 0 | AX13: 0 | AY13: 0 | AZ13: 0 | BA13: 0 | BB13: 0 | BC13: 0 | BD13: 0 | BE13: 0 | BF13: 0 | BG13: 0 | BH13: 0 | BI13: 0 | BJ13: 0 | BK13: 0 | BL13: 0 | BM13: 0 | BN13: 0 | BO13: 0 | BP13: 0 | BQ13: 0 | BR13: 0 | BS13: 0 | BT13: 0 | BU13: 0 | BV13: 0 | BW13: 0 | BX13: 0 | BY13: 0 | BZ13: 0 | CA13: 0 | CB13: 0 | CC13: 0 | CD13: 0 | CE13: 0
A14: 0 | B14: 0 | C14: 0 | D14: 0 | E14: 0 | F14: 0 | G14: 0 | H14: 0 | I14: 0 | J14: 0 | K14: 0 | L14: 0 | M14: 0 | N14: 0 | O14: 0 | P14: 0 | Q14: 0 | R14: 0 | S14: 0 | T14: 0 | U14: 0 | V14: 0 | W14: 0 | X14: 0 | Y14: 0 | Z14: 0 | AA14: 0 | AB14: 0 | AC14: 0 | AD14: 0 | AE14: 0 | AF14: 0 | AG14: 0 | AH14: 0 | AI14: 0 | AJ14: 0 | AK14: 0 | AL14: 0 | AM14: 0 | AN14: 0 | AO14: 0 | AP14: 0 | AQ14: 0 | AR14: 0 | AS14: 0 | AT14: 0 | AU14: 0 | AV14: 0 | AW14: 0 | AX14: 0 | AY14: 0 | AZ14: 0 | BA14: 0 | BB14: 0 | BC14: 0 | BD14: 0 | BE14: 0 | BF14: 0 | BG14: 0 | BH14: 0 | BI14: 0 | BJ14: 0 | BK14: 0 | BL14: 0 | BM14: 0 | BN14: 0 | BO14: 0 | BP14: 0 | BQ14: 0 | BR14: 0 | BS14: 0 | BT14: 0 | BU14: 0 | BV14: 0 | BW14: 0 | BX14: 0 | BY14: 0 | BZ14: 0 | CA14: 0 | CB14: 0 | CC14: 0 | CD14: 0 | CE14: 0
A15: 0 | B15: 0 | C15: 0 | D15: 0 | E15: 0 | F15: 0 | G15: 0 | H15: 0 | I15: 0 | J15: 0 | K15: 0 | L15: 0 | M15: 0 | N15: 0 | O15: 0 | P15: 0 | Q15: 0 | R15: 0 | S15: 0 | T15: 0 | U15: 0 | V15: 0 | W15: 0 | X15: 0 | Y15: 0 | Z15: 0 | AA15: 0 | AB15: 0 | AC15: 0 | AD15: 0 | AE15: 0 | AF15: 0 | AG15: 0 | AH15: 0 | AI15: 0 | AJ15: 0 | AK15: 0 | AL15: 0 | AM15: 0 | AN15: 0 | AO15: 0 | AP15: 0 | AQ15: 0 | AR15: 0 | AS15: 0 | AT15: 0 | AU15: 0 | AV15: 0 | AW15: 0 | AX15: 0 | AY15: 0 | AZ15: 0 | BA15: 0 | BB15: 0 | BC15: 0 | BD15: 0 | BE15: 0 | BF15: 0 | BG15: 0 | BH15: 0 | BI15: 0 | BJ15: 0 | BK15: 0 | BL15: 0 | BM15: 0 | BN15: 0 | BO15: 0 | BP15: 0 | BQ15: 0 | BR15: 0 | BS15: 0 | BT15: 0 | BU15: 0 | BV15: 0 | BW15: 0 | BX15: 0 | BY15: 0 | BZ15: 0 | CA15: 0 | CB15: 0 | CC15: 0 | CD15: 0 | CE15: 0
A16: 0 | B16: 0 | C16: 0 | D16: 0 | E16: 0 | F16: 0 | G16: 0 | H16: 0 | I16: 0 | J16: 0 | K16: 0 | L16: 0 | M16: 0 | N16: 0 | O16: 0 | P16: 0 | Q16: 0 | R16: 0 | S16: 0 | T16: 0 | U16: 0 | V16: 0 | W16: 0 | X16: 0 | Y16: 0 | Z16: 0 | AA16: 0 | AB16: 0 | AC16: 0 | AD16: 0 | AE16: 0 | AF16: 0 | AG16: 0 | AH16: 0 | AI16: 0 | AJ16: 0 | AK16: 0 | AL16: 0 | AM16: 0 | AN16: 0 | AO16: 0 | AP16: 0 | AQ16: 0 | AR16: 0 | AS16: 0 | AT16: 0 | AU16: 0 | AV16: 0 | AW16: 0 | AX16: 0 | AY16: 0 | AZ16: 0 | BA16: 0 | BB16: 0 | BC16: 0 | BD16: 0 | BE16: 0 | BF16: 0 | BG16: 0 | BH16: 0 | BI16: 0 | BJ16: 0 | BK16: 0 | BL16: 0 | BM16: 0 | BN16: 0 | BO16: 0 | BP16: 0 | BQ16: 0 | BR16: 0 | BS16: 0 | BT16: 0 | BU16: 0 | BV16: 0 | BW16: 0 | BX16: 0 | BY16: 0 | BZ16: 0 | CA16: 0 | CB16: 0 | CC16: 0 | CD16: 0 | CE16: 0
... A99: 0 | B99: 0 | C99: 0 | D99: 0 | E99: 0 | F99: 0 | G99: 0 | H99: 0 | I99: 0 | J99: 0 | K99: 0 | L99: 0 | M99: 0 | N99: 0 | O99: 0 | P99: 0 | Q99: 0 | R99: 0 | S99: 0 | T99: 0 | U99: 0 | V99: 0 | W99: 0 | X99: 0 | Y99: 0 | Z99: 0 | AA99: 0 | AB99: 0 | AC99: 0 | AD99: 0 | AE99: 0 | AF99: 0 | AG99: 0 | AH99: 0 | AI99: 0 | AJ99: 0 | AK99: 0 | AL99: 0 | AM99: 0 | AN99: 0 | AO99: 0 | AP99: 0 | AQ99: 0 | AR99: 0 | AS99: 0 | AT99: 0 | AU99: 0 | AV99: 0 | AW99: 0 | AX99: 0 | AY99: 0 | AZ99: 0 | BA99: 0 | BB99: 0 | BC99: 0 | BD99: 0 | BE99: 0 | BF99: 0 | BG99: 0 | BH99: 0 | BI99: 0 | BJ99: 0 | BK99: 0 | BL99: 0 | BM99: 0 | BN99: 0 | BO99: 0 | BP99: 0 | BQ99: 0 | BR99: 0 | BS99: 0 | BT99: 0 | BU99: 0 | BV99: 0 | BW99: 0 | BX99: 0 | BY99: 0 | BZ99: 0 | CA99: 0 | CB99: 0 | CC99: 0 | CD99: 0 | CE99: 0
A100: =I_Wzorcowa_BD!A3 | E100: =VLOOKUP(A100,Listy!A:C,2,FALSE) & " : " & VLOOKUP(A100,Listy!A:C,3,FALSE) | BJ100: =O1 | BK100: Suma | BL100: Różnica | BM100: =SUM(BL101:BL199)
A101: =I_Wzorcowa_BD!A4 | B101: =I_Wzorcowa_BD!B4 | C101: =I_Wzorcowa_BD!C4 | D101: =I_Wzorcowa_BD!D4 | E101: =I_Wzorcowa_BD!E4 | F101: =I_Wzorcowa_BD!F4 | G101: =I_Wzorcowa_BD!G4 | H101: =I_Wzorcowa_BD!H4 | ... BI101: =I_Wzorcowa_BD!BI4 | BJ101: =O101 | BK101: =SUM(AG101:AW101) | BL101: =BJ101-BK101
A102: =I_Wzorcowa_BD!A5 | B102: =I_Wzorcowa_BD!B5 | C102: =I_Wzorcowa_BD!C5 | D102: =I_Wzorcowa_BD!D5 | E102: =I_Wzorcowa_BD!E5 | F102: =I_Wzorcowa_BD!F5 | G102: =I_Wzorcowa_BD!G5 | H102: =I_Wzorcowa_BD!H5 | ... BI102: =I_Wzorcowa_BD!BI5 | BJ102: =O102 | BK102: =SUM(AG102:AW102) | BL102: =BJ102-BK102
A103: =I_Wzorcowa_BD!A6 | B103: =I_Wzorcowa_BD!B6 | C103: =I_Wzorcowa_BD!C6 | D103: =I_Wzorcowa_BD!D6 | E103: =I_Wzorcowa_BD!E6 | F103: =I_Wzorcowa_BD!F6 | G103: =I_Wzorcowa_BD!G6 | H103: =I_Wzorcowa_BD!H6 | ... BI103: =I_Wzorcowa_BD!BI6 | BJ103: =O103 | BK103: =SUM(AG103:AW103) | BL103: =BJ103-BK103
A104: =I_Wzorcowa_BD!A7 | B104: =I_Wzorcowa_BD!B7 | C104: =I_Wzorcowa_BD!C7 | D104: =I_Wzorcowa_BD!D7 | E104: =I_Wzorcowa_BD!E7 | F104: =I_Wzorcowa_BD!F7 | G104: =I_Wzorcowa_BD!G7 | H104: =I_Wzorcowa_BD!H7 | ... BI104: =I_Wzorcowa_BD!BI7 | BJ104: =O104 | BK104: =SUM(AG104:AW104) | BL104: =BJ104-BK104
A105: =I_Wzorcowa_BD!A8 | B105: =I_Wzorcowa_BD!B8 | C105: =I_Wzorcowa_BD!C8 | D105: =I_Wzorcowa_BD!D8 | E105: =I_Wzorcowa_BD!E8 | F105: =I_Wzorcowa_BD!F8 | G105: =I_Wzorcowa_BD!G8 | H105: =I_Wzorcowa_BD!H8 | ... BI105: =I_Wzorcowa_BD!BI8 | BJ105: =O105 | BK105: =SUM(AG105:AW105) | BL105: =BJ105-BK105
A106: =I_Wzorcowa_BD!A9 | B106: =I_Wzorcowa_BD!B9 | C106: =I_Wzorcowa_BD!C9 | D106: =I_Wzorcowa_BD!D9 | E106: =I_Wzorcowa_BD!E9 | F106: =I_Wzorcowa_BD!F9 | G106: =I_Wzorcowa_BD!G9 | H106: =I_Wzorcowa_BD!H9 | ... BI106: =I_Wzorcowa_BD!BI9 | BJ106: =O106 | BK106: =SUM(AG106:AW106) | BL106: =BJ106-BK106
A107: =I_Wzorcowa_BD!A10 | B107: =I_Wzorcowa_BD!B10 | C107: =I_Wzorcowa_BD!C10 | D107: =I_Wzorcowa_BD!D10 | E107: =I_Wzorcowa_BD!E10 | F107: =I_Wzorcowa_BD!F10 | G107: =I_Wzorcowa_BD!G10 | H107: =I_Wzorcowa_BD!H10 | ... BI107: =I_Wzorcowa_BD!BI10 | BJ107: =O107 | BK107: =SUM(AG107:AW107) | BL107: =BJ107-BK107
A108: =I_Wzorcowa_BD!A11 | B108: =I_Wzorcowa_BD!B11 | C108: =I_Wzorcowa_BD!C11 | D108: =I_Wzorcowa_BD!D11 | E108: =I_Wzorcowa_BD!E11 | F108: =I_Wzorcowa_BD!F11 | G108: =I_Wzorcowa_BD!G11 | H108: =I_Wzorcowa_BD!H11 | ... BI108: =I_Wzorcowa_BD!BI11 | BJ108: =O108 | BK108: =SUM(AG108:AW108) | BL108: =BJ108-BK108
A109: =I_Wzorcowa_BD!A12 | B109: =I_Wzorcowa_BD!B12 | C109: =I_Wzorcowa_BD!C12 | D109: =I_Wzorcowa_BD!D12 | E109: =I_Wzorcowa_BD!E12 | F109: =I_Wzorcowa_BD!F12 | G109: =I_Wzorcowa_BD!G12 | H109: =I_Wzorcowa_BD!H12 | ... BI109: =I_Wzorcowa_BD!BI12 | BJ109: =O109 | BK109: =SUM(AG109:AW109) | BL109: =BJ109-BK109
A110: =I_Wzorcowa_BD!A13 | B110: =I_Wzorcowa_BD!B13 | C110: =I_Wzorcowa_BD!C13 | D110: =I_Wzorcowa_BD!D13 | E110: =I_Wzorcowa_BD!E13 | F110: =I_Wzorcowa_BD!F13 | G110: =I_Wzorcowa_BD!G13 | H110: =I_Wzorcowa_BD!H13 | ... BI110: =I_Wzorcowa_BD!BI13 | BJ110: =O110 | BK110: =SUM(AG110:AW110) | BL110: =BJ110-BK110
A111: =I_Wzorcowa_BD!A14 | B111: =I_Wzorcowa_BD!B14 | C111: =I_Wzorcowa_BD!C14 | D111: =I_Wzorcowa_BD!D14 | E111: =I_Wzorcowa_BD!E14 | F111: =I_Wzorcowa_BD!F14 | G111: =I_Wzorcowa_BD!G14 | H111: =I_Wzorcowa_BD!H14 | ... BI111: =I_Wzorcowa_BD!BI14 | BJ111: =O111 | BK111: =SUM(AG111:AW111) | BL111: =BJ111-BK111
A112: =I_Wzorcowa_BD!A15 | B112: =I_Wzorcowa_BD!B15 | C112: =I_Wzorcowa_BD!C15 | D112: =I_Wzorcowa_BD!D15 | E112: =I_Wzorcowa_BD!E15 | F112: =I_Wzorcowa_BD!F15 | G112: =I_Wzorcowa_BD!G15 | H112: =I_Wzorcowa_BD!H15 | ... BI112: =I_Wzorcowa_BD!BI15 | BJ112: =O112 | BK112: =SUM(AG112:AW112) | BL112: =BJ112-BK112
... A126: =I_Wzorcowa_BD!A29 | B126: =I_Wzorcowa_BD!B29 | C126: =I_Wzorcowa_BD!C29 | D126: =I_Wzorcowa_BD!D29 | E126: =I_Wzorcowa_BD!E29 | F126: =I_Wzorcowa_BD!F29 | G126: =I_Wzorcowa_BD!G29 | H126: =I_Wzorcowa_BD!H29 | ... BI126: =I_Wzorcowa_BD!BI29 | BJ126: =O126 | BK126: =SUM(AG126:AW126) | BL126: =BJ126-BK126
A127: =A100 | BJ127: =O127 | BK127: =SUM(AG127:AW127) | BL127: =BJ127-BK127
A128: =A127 | BJ128: =O128 | BK128: =SUM(AG128:AW128) | BL128: =BJ128-BK128
A129: =A128 | BJ129: =O129 | BK129: =SUM(AG129:AW129) | BL129: =BJ129-BK129
A130: =A129 | BJ130: =O130 | BK130: =SUM(AG130:AW130) | BL130: =BJ130-BK130
A131: =A130 | BJ131: =O131 | BK131: =SUM(AG131:AW131) | BL131: =BJ131-BK131
A132: =A131 | BJ132: =O132 | BK132: =SUM(AG132:AW132) | BL132: =BJ132-BK132
A133: =A132 | BJ133: =O133 | BK133: =SUM(AG133:AW133) | BL133: =BJ133-BK133
A134: =A133 | BJ134: =O134 | BK134: =SUM(AG134:AW134) | BL134: =BJ134-BK134
A135: =A134 | BJ135: =O135 | BK135: =SUM(AG135:AW135) | BL135: =BJ135-BK135
A136: =A135 | BJ136: =O136 | BK136: =SUM(AG136:AW136) | BL136: =BJ136-BK136
A137: =A136 | BJ137: =O137 | BK137: =SUM(AG137:AW137) | BL137: =BJ137-BK137
A138: =A137 | BJ138: =O138 | BK138: =SUM(AG138:AW138) | BL138: =BJ138-BK138
A139: =A138 | BJ139: =O139 | BK139: =SUM(AG139:AW139) | BL139: =BJ139-BK139
... A197: =A196 | BJ197: =O197 | BK197: =SUM(AG197:AW197) | BL197: =BJ197-BK197
A198: =A100 | BJ198: =O198 | BK198: =SUM(AG198:AW198) | BL198: =BJ198-BK198
A199: =A101 | BJ199: =O199 | BK199: =SUM(AG199:AW199) | BL199: =BJ199-BK199 | BM199: =SUM(BL200:BL298)
A200: =II_Baza_BDP!A3 | E200: =VLOOKUP(A200,Listy!A:C,2,FALSE) & " : " & VLOOKUP(A200,Listy!A:C,3,FALSE) | BJ200: =O200 | BK200: =SUM(AG200:AW200) | BL200: =BJ200-BK200 | BM200: =SUM(BL201:BL299)
A201: =II_Baza_BDP!A4 | B201: =II_Baza_BDP!B4 | C201: =II_Baza_BDP!C4 | D201: =II_Baza_BDP!D4 | E201: =II_Baza_BDP!E4 | F201: =II_Baza_BDP!F4 | G201: =II_Baza_BDP!G4 | H201: =II_Baza_BDP!H4 | ... J201: =II_Baza_BDP!J4 | M201: =II_Baza_BDP!M4 | N201: =II_Baza_BDP!N4 | O201: =II_Baza_BDP!O4 | P201: =II_Baza_BDP!P4 | Q201: =II_Baza_BDP!Q4 | R201: =II_Baza_BDP!R4 | S201: =II_Baza_BDP!S4 | T201: =II_Baza_BDP!T4 | ... BI201: =II_Baza_BDP!BI4 | BJ201: =O201 | BK201: =SUM(AG201:AW201) | BL201: =BJ201-BK201
A202: =II_Baza_BDP!A5 | B202: =II_Baza_BDP!B5 | C202: =II_Baza_BDP!C5 | D202: =II_Baza_BDP!D5 | E202: =II_Baza_BDP!E5 | F202: =II_Baza_BDP!F5 | G202: =II_Baza_BDP!G5 | H202: =II_Baza_BDP!H5 | ... J202: =II_Baza_BDP!J5 | M202: =II_Baza_BDP!M5 | N202: =II_Baza_BDP!N5 | O202: =II_Baza_BDP!O5 | P202: =II_Baza_BDP!P5 | Q202: =II_Baza_BDP!Q5 | R202: =II_Baza_BDP!R5 | S202: =II_Baza_BDP!S5 | T202: =II_Baza_BDP!T5 | ... BI202: =II_Baza_BDP!BI5 | BJ202: =O202 | BK202: =SUM(AG202:AW202) | BL202: =BJ202-BK202
A203: =II_Baza_BDP!A6 | B203: =II_Baza_BDP!B6 | C203: =II_Baza_BDP!C6 | D203: =II_Baza_BDP!D6 | E203: =II_Baza_BDP!E6 | F203: =II_Baza_BDP!F6 | G203: =II_Baza_BDP!G6 | H203: =II_Baza_BDP!H6 | ... BI203: =II_Baza_BDP!BI6 | BJ203: =O203 | BK203: =SUM(AG203:AW203) | BL203: =BJ203-BK203
A204: =II_Baza_BDP!A7 | B204: =II_Baza_BDP!B7 | C204: =II_Baza_BDP!C7 | D204: =II_Baza_BDP!D7 | E204: =II_Baza_BDP!E7 | F204: =II_Baza_BDP!F7 | G204: =II_Baza_BDP!G7 | H204: =II_Baza_BDP!H7 | ... BI204: =II_Baza_BDP!BI7 | BJ204: =O204 | BK204: =SUM(AG204:AW204) | BL204: =BJ204-BK204
A205: =II_Baza_BDP!A8 | B205: =II_Baza_BDP!B8 | C205: =II_Baza_BDP!C8 | D205: =II_Baza_BDP!D8 | E205: =II_Baza_BDP!E8 | F205: =II_Baza_BDP!F8 | G205: =II_Baza_BDP!G8 | H205: =II_Baza_BDP!H8 | ... BI205: =II_Baza_BDP!BI8 | BJ205: =O205 | BK205: =SUM(AG205:AW205) | BL205: =BJ205-BK205
A206: =II_Baza_BDP!A9 | B206: =II_Baza_BDP!B9 | C206: =II_Baza_BDP!C9 | D206: =II_Baza_BDP!D9 | E206: =II_Baza_BDP!E9 | F206: =II_Baza_BDP!F9 | G206: =II_Baza_BDP!G9 | H206: =II_Baza_BDP!H9 | ... BI206: =II_Baza_BDP!BI9 | BJ206: =O206 | BK206: =SUM(AG206:AW206) | BL206: =BJ206-BK206
A207: =II_Baza_BDP!A10 | B207: =II_Baza_BDP!B10 | C207: =II_Baza_BDP!C10 | D207: =II_Baza_BDP!D10 | E207: =II_Baza_BDP!E10 | F207: =II_Baza_BDP!F10 | G207: =II_Baza_BDP!G10 | H207: =II_Baza_BDP!H10 | ... BI207: =II_Baza_BDP!BI10 | BJ207: =O207 | BK207: =SUM(AG207:AW207) | BL207: =BJ207-BK207
A208: =II_Baza_BDP!A11 | B208: =II_Baza_BDP!B11 | C208: =II_Baza_BDP!C11 | D208: =II_Baza_BDP!D11 | E208: =II_Baza_BDP!E11 | F208: =II_Baza_BDP!F11 | G208: =II_Baza_BDP!G11 | H208: =II_Baza_BDP!H11 | ... BI208: =II_Baza_BDP!BI11 | BJ208: =O208 | BK208: =SUM(AG208:AW208) | BL208: =BJ208-BK208
A209: =II_Baza_BDP!A12 | B209: =II_Baza_BDP!B12 | C209: =II_Baza_BDP!C12 | D209: =II_Baza_BDP!D12 | E209: =II_Baza_BDP!E12 | F209: =II_Baza_BDP!F12 | G209: =II_Baza_BDP!G12 | H209: =II_Baza_BDP!H12 | ... BI209: =II_Baza_BDP!BI12 | BJ209: =O209 | BK209: =SUM(AG209:AW209) | BL209: =BJ209-BK209
A210: =II_Baza_BDP!A13 | B210: =II_Baza_BDP!B13 | C210: =II_Baza_BDP!C13 | D210: =II_Baza_BDP!D13 | E210: =II_Baza_BDP!E13 | F210: =II_Baza_BDP!F13 | G210: =II_Baza_BDP!G13 | H210: =II_Baza_BDP!H13 | ... BI210: =II_Baza_BDP!BI13 | BJ210: =O210 | BK210: =SUM(AG210:AW210) | BL210: =BJ210-BK210
A211: =II_Baza_BDP!A14 | B211: =II_Baza_BDP!B14 | C211: =II_Baza_BDP!C14 | D211: =II_Baza_BDP!D14 | E211: =II_Baza_BDP!E14 | F211: =II_Baza_BDP!F14 | G211: =II_Baza_BDP!G14 | H211: =II_Baza_BDP!H14 | ... BI211: =II_Baza_BDP!BI14 | BJ211: =O211 | BK211: =SUM(AG211:AW211) | BL211: =BJ211-BK211
A212: =II_Baza_BDP!A15 | B212: =II_Baza_BDP!B15 | C212: =II_Baza_BDP!C15 | D212: =II_Baza_BDP!D15 | E212: =II_Baza_BDP!E15 | F212: =II_Baza_BDP!F15 | G212: =II_Baza_BDP!G15 | H212: =II_Baza_BDP!H15 | ... BI212: =II_Baza_BDP!BI15 | BJ212: =O212 | BK212: =SUM(AG212:AW212) | BL212: =BJ212-BK212
A213: =II_Baza_BDP!A16 | B213: =II_Baza_BDP!B16 | C213: =II_Baza_BDP!C16 | D213: =II_Baza_BDP!D16 | E213: =II_Baza_BDP!E16 | F213: =II_Baza_BDP!F16 | G213: =II_Baza_BDP!G16 | H213: =II_Baza_BDP!H16 | ... BI213: =II_Baza_BDP!BI16 | BJ213: =O213 | BK213: =SUM(AG213:AW213) | BL213: =BJ213-BK213
A214: =II_Baza_BDP!A17 | B214: =II_Baza_BDP!B17 | C214: =II_Baza_BDP!C17 | D214: =II_Baza_BDP!D17 | E214: =II_Baza_BDP!E17 | F214: =II_Baza_BDP!F17 | G214: =II_Baza_BDP!G17 | H214: =II_Baza_BDP!H17 | ... BI214: =II_Baza_BDP!BI17 | BJ214: =O214 | BK214: =SUM(AG214:AW214) | BL214: =BJ214-BK214
... A226: =II_Baza_BDP!A29 | B226: =II_Baza_BDP!B29 | C226: =II_Baza_BDP!C29 | D226: =II_Baza_BDP!D29 | E226: =II_Baza_BDP!E29 | F226: =II_Baza_BDP!F29 | G226: =II_Baza_BDP!G29 | H226: =II_Baza_BDP!H29 | ... BI226: =II_Baza_BDP!BI29 | BJ226: =O226 | BK226: =SUM(AG226:AW226) | BL226: =BJ226-BK226
A227: =A200 | BJ227: =O227 | BK227: =SUM(AG227:AW227) | BL227: =BJ227-BK227
A228: =A227 | BJ228: =O228 | BK228: =SUM(AG228:AW228) | BL228: =BJ228-BK228
A229: =A228 | BJ229: =O229 | BK229: =SUM(AG229:AW229) | BL229: =BJ229-BK229
A230: =A229 | BJ230: =O230 | BK230: =SUM(AG230:AW230) | BL230: =BJ230-BK230
A231: =A230 | BJ231: =O231 | BK231: =SUM(AG231:AW231) | BL231: =BJ231-BK231
A232: =A231 | BJ232: =O232 | BK232: =SUM(AG232:AW232) | BL232: =BJ232-BK232
A233: =A232 | BJ233: =O233 | BK233: =SUM(AG233:AW233) | BL233: =BJ233-BK233
A234: =A233 | BJ234: =O234 | BK234: =SUM(AG234:AW234) | BL234: =BJ234-BK234
A235: =A234 | BJ235: =O235 | BK235: =SUM(AG235:AW235) | BL235: =BJ235-BK235
A236: =A235 | BJ236: =O236 | BK236: =SUM(AG236:AW236) | BL236: =BJ236-BK236
A237: =A236 | BJ237: =O237 | BK237: =SUM(AG237:AW237) | BL237: =BJ237-BK237
A238: =A237 | BJ238: =O238 | BK238: =SUM(AG238:AW238) | BL238: =BJ238-BK238
A239: =A238 | BJ239: =O239 | BK239: =SUM(AG239:AW239) | BL239: =BJ239-BK239
... A297: =A296 | BJ297: =O297 | BK297: =SUM(AG297:AW297) | BL297: =BJ297-BK297
A298: =A200 | BJ298: =O298 | BK298: =SUM(AG298:AW298) | BL298: =BJ298-BK298
A299: =A201 | BJ299: =O299 | BK299: =SUM(AG299:AW299) | BL299: =BJ299-BK299 | BM299: =SUM(BL300:BL398)
A300: =III_Model_PT!A3 | E300: =VLOOKUP(A300,Listy!A:C,2,FALSE) & " : " & VLOOKUP(A300,Listy!A:C,3,FALSE) | BJ300: =O300 | BK300: =SUM(AG300:AW300) | BL300: =BJ300-BK300 | BM300: =SUM(BL301:BL399)
A301: =III_Model_PT!A4 | B301: =III_Model_PT!B4 | C301: =III_Model_PT!C4 | D301: =III_Model_PT!D4 | E301: =III_Model_PT!E4 | F301: =III_Model_PT!F4 | G301: =III_Model_PT!G4 | H301: =III_Model_PT!H4 | ... J301: =III_Model_PT!J4 | M301: =III_Model_PT!M4 | N301: =III_Model_PT!N4 | O301: =III_Model_PT!O4 | P301: =III_Model_PT!P4 | Q301: =III_Model_PT!Q4 | R301: =III_Model_PT!R4 | S301: =III_Model_PT!S4 | T301: =III_Model_PT!T4 | ... BI301: =III_Model_PT!BI4 | BJ301: =O301 | BK301: =SUM(AG301:AW301) | BL301: =BJ301-BK301
A302: =III_Model_PT!A5 | B302: =III_Model_PT!B5 | C302: =III_Model_PT!C5 | D302: =III_Model_PT!D5 | E302: =III_Model_PT!E5 | F302: =III_Model_PT!F5 | G302: =III_Model_PT!G5 | H302: =III_Model_PT!H5 | ... BI302: =III_Model_PT!BI5 | BJ302: =O302 | BK302: =SUM(AG302:AW302) | BL302: =BJ302-BK302
A303: =III_Model_PT!A6 | B303: =III_Model_PT!B6 | C303: =III_Model_PT!C6 | D303: =III_Model_PT!D6 | E303: =III_Model_PT!E6 | F303: =III_Model_PT!F6 | G303: =III_Model_PT!G6 | H303: =III_Model_PT!H6 | ... BI303: =III_Model_PT!BI6 | BJ303: =O303 | BK303: =SUM(AG303:AW303) | BL303: =BJ303-BK303
A304: =III_Model_PT!A7 | B304: =III_Model_PT!B7 | C304: =III_Model_PT!C7 | D304: =III_Model_PT!D7 | E304: =III_Model_PT!E7 | F304: =III_Model_PT!F7 | G304: =III_Model_PT!G7 | H304: =III_Model_PT!H7 | ... BI304: =III_Model_PT!BI7 | BJ304: =O304 | BK304: =SUM(AG304:AW304) | BL304: =BJ304-BK304
A305: =III_Model_PT!A8 | B305: =III_Model_PT!B8 | C305: =III_Model_PT!C8 | D305: =III_Model_PT!D8 | E305: =III_Model_PT!E8 | F305: =III_Model_PT!F8 | G305: =III_Model_PT!G8 | H305: =III_Model_PT!H8 | ... BI305: =III_Model_PT!BI8 | BJ305: =O305 | BK305: =SUM(AG305:AW305) | BL305: =BJ305-BK305
A306: =III_Model_PT!A9 | B306: =III_Model_PT!B9 | C306: =III_Model_PT!C9 | D306: =III_Model_PT!D9 | E306: =III_Model_PT!E9 | F306: =III_Model_PT!F9 | G306: =III_Model_PT!G9 | H306: =III_Model_PT!H9 | ... BI306: =III_Model_PT!BI9 | BJ306: =O306 | BK306: =SUM(AG306:AW306) | BL306: =BJ306-BK306
A307: =III_Model_PT!A10 | B307: =III_Model_PT!B10 | C307: =III_Model_PT!C10 | D307: =III_Model_PT!D10 | E307: =III_Model_PT!E10 | F307: =III_Model_PT!F10 | G307: =III_Model_PT!G10 | H307: =III_Model_PT!H10 | ... BI307: =III_Model_PT!BI10 | BJ307: =O307 | BK307: =SUM(AG307:AW307) | BL307: =BJ307-BK307
A308: =III_Model_PT!A11 | B308: =III_Model_PT!B11 | C308: =III_Model_PT!C11 | D308: =III_Model_PT!D11 | E308: =III_Model_PT!E11 | F308: =III_Model_PT!F11 | G308: =III_Model_PT!G11 | H308: =III_Model_PT!H11 | ... BI308: =III_Model_PT!BI11 | BJ308: =O308 | BK308: =SUM(AG308:AW308) | BL308: =BJ308-BK308
A309: =III_Model_PT!A12 | B309: =III_Model_PT!B12 | C309: =III_Model_PT!C12 | D309: =III_Model_PT!D12 | E309: =III_Model_PT!E12 | F309: =III_Model_PT!F12 | G309: =III_Model_PT!G12 | H309: =III_Model_PT!H12 | ... BI309: =III_Model_PT!BI12 | BJ309: =O309 | BK309: =SUM(AG309:AW309) | BL309: =BJ309-BK309
A310: =III_Model_PT!A13 | B310: =III_Model_PT!B13 | C310: =III_Model_PT!C13 | D310: =III_Model_PT!D13 | E310: =III_Model_PT!E13 | F310: =III_Model_PT!F13 | G310: =III_Model_PT!G13 | H310: =III_Model_PT!H13 | ... BI310: =III_Model_PT!BI13 | BJ310: =O310 | BK310: =SUM(AG310:AW310) | BL310: =BJ310-BK310
A311: =III_Model_PT!A14 | B311: =III_Model_PT!B14 | C311: =III_Model_PT!C14 | D311: =III_Model_PT!D14 | E311: =III_Model_PT!E14 | F311: =III_Model_PT!F14 | G311: =III_Model_PT!G14 | H311: =III_Model_PT!H14 | ... BI311: =III_Model_PT!BI14 | BJ311: =O311 | BK311: =SUM(AG311:AW311) | BL311: =BJ311-BK311
A312: =III_Model_PT!A15 | B312: =III_Model_PT!B15 | C312: =III_Model_PT!C15 | D312: =III_Model_PT!D15 | E312: =III_Model_PT!E15 | F312: =III_Model_PT!F15 | G312: =III_Model_PT!G15 | H312: =III_Model_PT!H15 | ... BI312: =III_Model_PT!BI15 | BJ312: =O312 | BK312: =SUM(AG312:AW312) | BL312: =BJ312-BK312
A313: =III_Model_PT!A16 | B313: =III_Model_PT!B16 | C313: =III_Model_PT!C16 | D313: =III_Model_PT!D16 | E313: =III_Model_PT!E16 | F313: =III_Model_PT!F16 | G313: =III_Model_PT!G16 | H313: =III_Model_PT!H16 | ... BI313: =III_Model_PT!BI16 | BJ313: =O313 | BK313: =SUM(AG313:AW313) | BL313: =BJ313-BK313
... A366: =III_Model_PT!A69 | B366: =III_Model_PT!B69 | C366: =III_Model_PT!C69 | D366: =III_Model_PT!D69 | E366: =III_Model_PT!E69 | F366: =III_Model_PT!F69 | G366: =III_Model_PT!G69 | H366: =III_Model_PT!H69 | ... BI366: =III_Model_PT!BI69 | BJ366: =O366 | BK366: =SUM(AG366:AW366) | BL366: =BJ366-BK366
BJ367: =O367 | BK367: =SUM(AG367:AW367) | BL367: =BJ367-BK367
BJ368: =O368 | BK368: =SUM(AG368:AW368) | BL368: =BJ368-BK368
BJ369: =O369 | BK369: =SUM(AG369:AW369) | BL369: =BJ369-BK369
BJ370: =O370 | BK370: =SUM(AG370:AW370) | BL370: =BJ370-BK370
BJ371: =O371 | BK371: =SUM(AG371:AW371) | BL371: =BJ371-BK371
BJ372: =O372 | BK372: =SUM(AG372:AW372) | BL372: =BJ372-BK372
...

Sheet Kopia
A1: Nr zadania | B1: NrX | C1: Nr XX | D1: Kod działania | E1: Nazwa zadania / działania | F1: Imię | G1: Nazwisko | H1: Priorytet | I1: wykonawca | J1: Początek realizacji Tydzień | K1: Początek realizacji MM | L1: Koniec realizacji MM | M1: Koniec realizacji Tydzień | N1: Liczba tygodni | O1: Liczba godzin | P1: Janusz Strzelecki | Q1: Mariusz Cegliński | R1: Wojciech Mazur | S1: Tomasz Grzegorek | T1: Sebastian Kaczmar | U1: Dorota Duży | V1: Dariusz Gąsior | W1: Prog_8 | X1: Prog_9 | Y1: END Analityk Danych/ Inżynier ML 1 | Z1: END Analityk Danych/ Inżynier ML 2 | AA1: END Analityk Danych/ Inżynier ML 3 | AB1: END Inż. Automatyzacji | AC1: AGH - Profesor (max 50% etatu) | AD1: AGH - Pracownik naukowy 1 (max 50% etatu) | AE1: AGH Pracownik nukowy 2 (max 50% etatu) | AF1: AGH Pracownik naukowy 3 (max 50% etatu) | AG1: Janusz Strzelecki | AH1: Mariusz Cegliński | AI1: Wojciech Mazur | AJ1: Tomasz Grzegorek | AK1: Sebastian Kaczmar | AL1: Dorota Duży | AM1: Dariusz Gąsior | AN1: Prog_8 | AO1: Prog_9 | AP1: END Analityk Danych/ Inżynier ML 1 | AQ1: END Analityk Danych/ Inżynier ML 2 | AR1: END Analityk Danych/ Inżynier ML 3 | AS1: END Inż. Automatyzacji | AT1: AGH - Profesor (max 50% etatu) | AU1: AGH - Pracownik naukowy 1 (max 50% etatu) | AV1: AGH Pracownik nukowy 2 (max 50% etatu) | AW1: AGH Pracownik naukowy 3 (max 50% etatu) | AX1: Razem [h] | AY1: Część Etat [h} | AZ1: PLN/Etat | BA1: Razem | BB1: Razem | BC1: ENDAWA | BD1: Imię | BE1: Nazwisko | BF1: Termi realizacji | BG1: Liczba godzin | BH1: PLN/h | BI1: Razem | BJ1: Nazwa sprzętu | BK1: Okres używania | BL1: Amortyzacja [PLN] | BM1: Nazwa budynku | BN1: Uzywana powierzchnia [m2] | BO1: Amortyzacja [PLN] | BP1: Nazwa nieruchomości | BQ1: Okres używania | BR1: Czynsz dzierżawny [PLN] | BS1: Wieczyste uzytkowanie [PLN] | BT1: Nazwa/rodzaj | BU1: Liczba [szt.] | BV1: Wartość jednostkowa [PLN] | BW1: Razem [PLN] | BX1: Nazwa/rodzaj | BY1: Liczba [szt.] | BZ1: Wartość jednostkowa [PLN] | CA1: Razem [PLN] | CB1: Nazwa/rodzaj | CC1: Liczba [szt.] | CD1: Wartość jednostkowa [PLN] | CE1: Razem [PLN]
A2: 0 | B2: 0 | C2: 0 | D2: 0 | E2: 0 | F2: 0 | G2: 0 | H2: 0 | I2: 0 | J2: 0 | K2: 0 | L2: 0 | M2: 0 | N2: 0 | O2: 43909 | P2: 0 | Q2: 0 | R2: 0 | S2: 0 | T2: 0 | U2: 0 | V2: 0 | W2: 0 | X2: 0 | Y2: 0 | Z2: 0 | AA2: 0 | AB2: 0 | AC2: 0 | AD2: 0 | AE2: 0 | AF2: 0 | AG2: 4777 | AH2: 4768 | AI2: 4645 | AJ2: 4619 | AK2: 3071 | AL2: 2796 | AM2: 1955 | AN2: 1516 | AO2: 1554 | AP2: 3882 | AQ2: 3580 | AR2: 3576 | AS2: 2030 | AT2: 306 | AU2: 338 | AV2: 328 | AW2: 332 | AX2: 0 | AY2: 0 | AZ2: 0 | BA2: 0 | BB2: 0 | BC2: 0 | BD2: 0 | BE2: 0 | BF2: 0 | BG2: 0 | BH2: 0 | BI2: 0 | BJ2: 0 | BK2: 0 | BL2: 0 | BM2: 0 | BN2: 0 | BO2: 0 | BP2: 0 | BQ2: 0 | BR2: 0 | BS2: 0 | BT2: 0 | BU2: 0 | BV2: 0 | BW2: 0 | BX2: 0 | BY2: 0 | BZ2: 0 | CA2: 0 | CB2: 0 | CC2: 0 | CD2: 0 | CE2: 0
A3: 0 | B3: 0 | C3: 0 | D3: 0 | E3: 0 | F3: 0 | G3: 0 | H3: 0 | I3: 0 | J3: 0 | K3: 0 | L3: 0 | M3: 0 | N3: 0 | O3: 44073 | P3: 0 | Q3: 0 | R3: 0 | S3: 0 | T3: 0 | U3: 0 | V3: 0 | W3: 0 | X3: 0 | Y3: 0 | Z3: 0 | AA3: 0 | AB3: 0 | AC3: 0 | AD3: 0 | AE3: 0 | AF3: 0 | AG3: 0 | AH3: 0 | AI3: 0 | AJ3: 0 | AK3: 0 | AL3: 0 | AM3: 0 | AN3: 0 | AO3: 0 | AP3: 0 | AQ3: 0 | AR3: 0 | AS3: 0 | AT3: 0 | AU3: 0 | AV3: 0 | AW3: 0 | AX3: 0 | AY3: 0 | AZ3: 0 | BA3: 0 | BB3: 0 | BC3: 0 | BD3: 0 | BE3: 0 | BF3: 0 | BG3: 0 | BH3: 0 | BI3: 0 | BJ3: 0 | BK3: 0 | BL3: 0 | BM3: 0 | BN3: 0 | BO3: 0 | BP3: 0 | BQ3: 0 | BR3: 0 | BS3: 0 | BT3: 0 | BU3: 0 | BV3: 0 | BW3: 0 | BX3: 0 | BY3: 0 | BZ3: 0 | CA3: 0 | CB3: 0 | CC3: 0 | CD3: 0 | CE3: 0
A4: 0 | B4: 0 | C4: 0 | D4: 0 | E4: 0 | F4: 0 | G4: 0 | H4: 0 | I4: 0 | J4: 0 | K4: 0 | L4: 0 | M4: 0 | N4: 0 | O4: -164 | P4: 0 | Q4: 0 | R4: 0 | S4: 0 | T4: 0 | U4: 0 | V4: 0 | W4: 0 | X4: 0 | Y4: 0 | Z4: 0 | AA4: 0 | AB4: 0 | AC4: 0 | AD4: 0 | AE4: 0 | AF4: 0 | AG4: 0 | AH4: 0 | AI4: 0 | AJ4: 0 | AK4: 0 | AL4: 0 | AM4: 0 | AN4: 0 | AO4: 0 | AP4: 0 | AQ4: 0 | AR4: 0 | AS4: 0 | AT4: 0 | AU4: 0 | AV4: 0 | AW4: 0 | AX4: 0 | AY4: 0 | AZ4: 0 | BA4: 0 | BB4: 0 | BC4: 0 | BD4: 0 | BE4: 0 | BF4: 0 | BG4: 0 | BH4: 0 | BI4: 0 | BJ4: 0 | BK4: 0 | BL4: 0 | BM4: 0 | BN4: 0 | BO4: 0 | BP4: 0 | BQ4: 0 | BR4: 0 | BS4: 0 | BT4: 0 | BU4: 0 | BV4: 0 | BW4: 0 | BX4: 0 | BY4: 0 | BZ4: 0 | CA4: 0 | CB4: 0 | CC4: 0 | CD4: 0 | CE4: 0
A5: 0 | B5: 0 | C5: 0 | D5: 0 | E5: 0 | F5: 0 | G5: 0 | H5: 0 | I5: 0 | J5: 0 | K5: 0 | L5: 0 | M5: 0 | N5: 0 | O5: 0 | P5: 0 | Q5: 0 | R5: 0 | S5: 0 | T5: 0 | U5: 0 | V5: 0 | W5: 0 | X5: 0 | Y5: 0 | Z5: 0 | AA5: 0 | AB5: 0 | AC5: 0 | AD5: 0 | AE5: 0 | AF5: 0 | AG5: 0 | AH5: 0 | AI5: 0 | AJ5: 0 | AK5: 0 | AL5: 0 | AM5: 0 | AN5: 0 | AO5: 0 | AP5: 0 | AQ5: 0 | AR5: 0 | AS5: 0 | AT5: 0 | AU5: 0 | AV5: 0 | AW5: 0 | AX5: 0 | AY5: 0 | AZ5: 0 | BA5: 0 | BB5: 0 | BC5: 0 | BD5: 0 | BE5: 0 | BF5: 0 | BG5: 0 | BH5: 0 | BI5: 0 | BJ5: 0 | BK5: 0 | BL5: 0 | BM5: 0 | BN5: 0 | BO5: 0 | BP5: 0 | BQ5: 0 | BR5: 0 | BS5: 0 | BT5: 0 | BU5: 0 | BV5: 0 | BW5: 0 | BX5: 0 | BY5: 0 | BZ5: 0 | CA5: 0 | CB5: 0 | CC5: 0 | CD5: 0 | CE5: 0
A6: 0 | B6: 0 | C6: 0 | D6: 0 | E6: 0 | F6: 0 | G6: 0 | H6: 0 | I6: 0 | J6: 0 | K6: 0 | L6: 0 | M6: 0 | N6: 0 | O6: 0 | P6: 0 | Q6: 0 | R6: 0 | S6: 0 | T6: 0 | U6: 0 | V6: 0 | W6: 0 | X6: 0 | Y6: 0 | Z6: 0 | AA6: 0 | AB6: 0 | AC6: 0 | AD6: 0 | AE6: 0 | AF6: 0 | AG6: 0 | AH6: 0 | AI6: 0 | AJ6: 0 | AK6: 0 | AL6: 0 | AM6: 0 | AN6: 0 | AO6: 0 | AP6: 0 | AQ6: 0 | AR6: 0 | AS6: 0 | AT6: 0 | AU6: 0 | AV6: 0 | AW6: 0 | AX6: 0 | AY6: 0 | AZ6: 0 | BA6: 0 | BB6: 0 | BC6: 0 | BD6: 0 | BE6: 0 | BF6: 0 | BG6: 0 | BH6: 0 | BI6: 0 | BJ6: 0 | BK6: 0 | BL6: 0 | BM6: 0 | BN6: 0 | BO6: 0 | BP6: 0 | BQ6: 0 | BR6: 0 | BS6: 0 | BT6: 0 | BU6: 0 | BV6: 0 | BW6: 0 | BX6: 0 | BY6: 0 | BZ6: 0 | CA6: 0 | CB6: 0 | CC6: 0 | CD6: 0 | CE6: 0
A7: 0 | B7: 0 | C7: 0 | D7: 0 | E7: 0 | F7: 0 | G7: 0 | H7: 0 | I7: 0 | J7: 0 | K7: 0 | L7: 0 | M7: 0 | N7: 0 | O7: 0 | P7: 0 | Q7: 0 | R7: 0 | S7: 0 | T7: 0 | U7: 0 | V7: 0 | W7: 0 | X7: 0 | Y7: 0 | Z7: 0 | AA7: 0 | AB7: 0 | AC7: 0 | AD7: 0 | AE7: 0 | AF7: 0 | AG7: 0 | AH7: 0 | AI7: 0 | AJ7: 0 | AK7: 0 | AL7: 0 | AM7: 0 | AN7: 0 | AO7: 0 | AP7: 0 | AQ7: 0 | AR7: 0 | AS7: 0 | AT7: 0 | AU7: 0 | AV7: 0 | AW7: 0 | AX7: 0 | AY7: 0 | AZ7: 0 | BA7: 0 | BB7: 0 | BC7: 0 | BD7: 0 | BE7: 0 | BF7: 0 | BG7: 0 | BH7: 0 | BI7: 0 | BJ7: 0 | BK7: 0 | BL7: 0 | BM7: 0 | BN7: 0 | BO7: 0 | BP7: 0 | BQ7: 0 | BR7: 0 | BS7: 0 | BT7: 0 | BU7: 0 | BV7: 0 | BW7: 0 | BX7: 0 | BY7: 0 | BZ7: 0 | CA7: 0 | CB7: 0 | CC7: 0 | CD7: 0 | CE7: 0
A8: 0 | B8: 0 | C8: 0 | D8: 0 | E8: 0 | F8: 0 | G8: 0 | H8: 0 | I8: 0 | J8: 0 | K8: 0 | L8: 0 | M8: 0 | N8: 0 | O8: 0 | P8: 0 | Q8: 0 | R8: 0 | S8: 0 | T8: 0 | U8: 0 | V8: 0 | W8: 0 | X8: 0 | Y8: 0 | Z8: 0 | AA8: 0 | AB8: 0 | AC8: 0 | AD8: 0 | AE8: 0 | AF8: 0 | AG8: 0 | AH8: 0 | AI8: 0 | AJ8: 0 | AK8: 0 | AL8: 0 | AM8: 0 | AN8: 0 | AO8: 0 | AP8: 0 | AQ8: 0 | AR8: 0 | AS8: 0 | AT8: 0 | AU8: 0 | AV8: 0 | AW8: 0 | AX8: 0 | AY8: 0 | AZ8: 0 | BA8: 0 | BB8: 0 | BC8: 0 | BD8: 0 | BE8: 0 | BF8: 0 | BG8: 0 | BH8: 0 | BI8: 0 | BJ8: 0 | BK8: 0 | BL8: 0 | BM8: 0 | BN8: 0 | BO8: 0 | BP8: 0 | BQ8: 0 | BR8: 0 | BS8: 0 | BT8: 0 | BU8: 0 | BV8: 0 | BW8: 0 | BX8: 0 | BY8: 0 | BZ8: 0 | CA8: 0 | CB8: 0 | CC8: 0 | CD8: 0 | CE8: 0
A9: 0 | B9: 0 | C9: 0 | D9: 0 | E9: 0 | F9: 0 | G9: 0 | H9: 0 | I9: 0 | J9: 0 | K9: 0 | L9: 0 | M9: 0 | N9: 0 | O9: 0 | P9: 0 | Q9: 0 | R9: 0 | S9: 0 | T9: 0 | U9: 0 | V9: 0 | W9: 0 | X9: 0 | Y9: 0 | Z9: 0 | AA9: 0 | AB9: 0 | AC9: 0 | AD9: 0 | AE9: 0 | AF9: 0 | AG9: 0 | AH9: 0 | AI9: 0 | AJ9: 0 | AK9: 0 | AL9: 0 | AM9: 0 | AN9: 0 | AO9: 0 | AP9: 0 | AQ9: 0 | AR9: 0 | AS9: 0 | AT9: 0 | AU9: 0 | AV9: 0 | AW9: 0 | AX9: 0 | AY9: 0 | AZ9: 0 | BA9: 0 | BB9: 0 | BC9: 0 | BD9: 0 | BE9: 0 | BF9: 0 | BG9: 0 | BH9: 0 | BI9: 0 | BJ9: 0 | BK9: 0 | BL9: 0 | BM9: 0 | BN9: 0 | BO9: 0 | BP9: 0 | BQ9: 0 | BR9: 0 | BS9: 0 | BT9: 0 | BU9: 0 | BV9: 0 | BW9: 0 | BX9: 0 | BY9: 0 | BZ9: 0 | CA9: 0 | CB9: 0 | CC9: 0 | CD9: 0 | CE9: 0
A10: 0 | B10: 0 | C10: 0 | D10: 0 | E10: 0 | F10: 0 | G10: 0 | H10: 0 | I10: 0 | J10: 0 | K10: 0 | L10: 0 | M10: 0 | N10: 0 | O10: 0 | P10: 0 | Q10: 0 | R10: 0 | S10: 0 | T10: 0 | U10: 0 | V10: 0 | W10: 0 | X10: 0 | Y10: 0 | Z10: 0 | AA10: 0 | AB10: 0 | AC10: 0 | AD10: 0 | AE10: 0 | AF10: 0 | AG10: 0 | AH10: 0 | AI10: 0 | AJ10: 0 | AK10: 0 | AL10: 0 | AM10: 0 | AN10: 0 | AO10: 0 | AP10: 0 | AQ10: 0 | AR10: 0 | AS10: 0 | AT10: 0 | AU10: 0 | AV10: 0 | AW10: 0 | AX10: 0 | AY10: 0 | AZ10: 0 | BA10: 0 | BB10: 0 | BC10: 0 | BD10: 0 | BE10: 0 | BF10: 0 | BG10: 0 | BH10: 0 | BI10: 0 | BJ10: 0 | BK10: 0 | BL10: 0 | BM10: 0 | BN10: 0 | BO10: 0 | BP10: 0 | BQ10: 0 | BR10: 0 | BS10: 0 | BT10: 0 | BU10: 0 | BV10: 0 | BW10: 0 | BX10: 0 | BY10: 0 | BZ10: 0 | CA10: 0 | CB10: 0 | CC10: 0 | CD10: 0 | CE10: 0
A11: 0 | B11: 0 | C11: 0 | D11: 0 | E11: 0 | F11: 0 | G11: 0 | H11: 0 | I11: 0 | J11: 0 | K11: 0 | L11: 0 | M11: 0 | N11: 0 | O11: 0 | P11: 0 | Q11: 0 | R11: 0 | S11: 0 | T11: 0 | U11: 0 | V11: 0 | W11: 0 | X11: 0 | Y11: 0 | Z11: 0 | AA11: 0 | AB11: 0 | AC11: 0 | AD11: 0 | AE11: 0 | AF11: 0 | AG11: 0 | AH11: 0 | AI11: 0 | AJ11: 0 | AK11: 0 | AL11: 0 | AM11: 0 | AN11: 0 | AO11: 0 | AP11: 0 | AQ11: 0 | AR11: 0 | AS11: 0 | AT11: 0 | AU11: 0 | AV11: 0 | AW11: 0 | AX11: 0 | AY11: 0 | AZ11: 0 | BA11: 0 | BB11: 0 | BC11: 0 | BD11: 0 | BE11: 0 | BF11: 0 | BG11: 0 | BH11: 0 | BI11: 0 | BJ11: 0 | BK11: 0 | BL11: 0 | BM11: 0 | BN11: 0 | BO11: 0 | BP11: 0 | BQ11: 0 | BR11: 0 | BS11: 0 | BT11: 0 | BU11: 0 | BV11: 0 | BW11: 0 | BX11: 0 | BY11: 0 | BZ11: 0 | CA11: 0 | CB11: 0 | CC11: 0 | CD11: 0 | CE11: 0
A12: 0 | B12: 0 | C12: 0 | D12: 0 | E12: 0 | F12: 0 | G12: 0 | H12: 0 | I12: 0 | J12: 0 | K12: 0 | L12: 0 | M12: 0 | N12: 0 | O12: 0 | P12: 0 | Q12: 0 | R12: 0 | S12: 0 | T12: 0 | U12: 0 | V12: 0 | W12: 0 | X12: 0 | Y12: 0 | Z12: 0 | AA12: 0 | AB12: 0 | AC12: 0 | AD12: 0 | AE12: 0 | AF12: 0 | AG12: 0 | AH12: 0 | AI12: 0 | AJ12: 0 | AK12: 0 | AL12: 0 | AM12: 0 | AN12: 0 | AO12: 0 | AP12: 0 | AQ12: 0 | AR12: 0 | AS12: 0 | AT12: 0 | AU12: 0 | AV12: 0 | AW12: 0 | AX12: 0 | AY12: 0 | AZ12: 0 | BA12: 0 | BB12: 0 | BC12: 0 | BD12: 0 | BE12: 0 | BF12: 0 | BG12: 0 | BH12: 0 | BI12: 0 | BJ12: 0 | BK12: 0 | BL12: 0 | BM12: 0 | BN12: 0 | BO12: 0 | BP12: 0 | BQ12: 0 | BR12: 0 | BS12: 0 | BT12: 0 | BU12: 0 | BV12: 0 | BW12: 0 | BX12: 0 | BY12: 0 | BZ12: 0 | CA12: 0 | CB12: 0 | CC12: 0 | CD12: 0 | CE12: 0
A13: 0 | B13: 0 | C13: 0 | D13: 0 | E13: 0 | F13: 0 | G13: 0 | H13: 0 | I13: 0 | J13: 0 | K13: 0 | L13: 0 | M13: 0 | N13: 0 | O13: 0 | P13: 0 | Q13: 0 | R13: 0 | S13: 0 | T13: 0 | U13: 0 | V13: 0 | W13: 0 | X13: 0 | Y13: 0 | Z13: 0 | AA13: 0 | AB13: 0 | AC13: 0 | AD13: 0 | AE13: 0 | AF13: 0 | AG13: 0 | AH13: 0 | AI13: 0 | AJ13: 0 | AK13: 0 | AL13: 0 | AM13: 0 | AN13: 0 | AO13: 0 | AP13: 0 | AQ13: 0 | AR13: 0 | AS13: 0 | AT13: 0 | AU13: 0 | AV13: 0 | AW13: 0 | AX13: 0 | AY13: 0 | AZ13: 0 | BA13: 0 | BB13: 0 | BC13: 0 | BD13: 0 | BE13: 0 | BF13: 0 | BG13: 0 | BH13: 0 | BI13: 0 | BJ13: 0 | BK13: 0 | BL13: 0 | BM13: 0 | BN13: 0 | BO13: 0 | BP13: 0 | BQ13: 0 | BR13: 0 | BS13: 0 | BT13: 0 | BU13: 0 | BV13: 0 | BW13: 0 | BX13: 0 | BY13: 0 | BZ13: 0 | CA13: 0 | CB13: 0 | CC13: 0 | CD13: 0 | CE13: 0
... A99: 0 | B99: 0 | C99: 0 | D99: 0 | E99: 0 | F99: 0 | G99: 0 | H99: 0 | I99: 0 | J99: 0 | K99: 0 | L99: 0 | M99: 0 | N99: 0 | O99: 0 | P99: 0 | Q99: 0 | R99: 0 | S99: 0 | T99: 0 | U99: 0 | V99: 0 | W99: 0 | X99: 0 | Y99: 0 | Z99: 0 | AA99: 0 | AB99: 0 | AC99: 0 | AD99: 0 | AE99: 0 | AF99: 0 | AG99: 0 | AH99: 0 | AI99: 0 | AJ99: 0 | AK99: 0 | AL99: 0 | AM99: 0 | AN99: 0 | AO99: 0 | AP99: 0 | AQ99: 0 | AR99: 0 | AS99: 0 | AT99: 0 | AU99: 0 | AV99: 0 | AW99: 0 | AX99: 0 | AY99: 0 | AZ99: 0 | BA99: 0 | BB99: 0 | BC99: 0 | BD99: 0 | BE99: 0 | BF99: 0 | BG99: 0 | BH99: 0 | BI99: 0 | BJ99: 0 | BK99: 0 | BL99: 0 | BM99: 0 | BN99: 0 | BO99: 0 | BP99: 0 | BQ99: 0 | BR99: 0 | BS99: 0 | BT99: 0 | BU99: 0 | BV99: 0 | BW99: 0 | BX99: 0 | BY99: 0 | BZ99: 0 | CA99: 0 | CB99: 0 | CC99: 0 | CD99: 0 | CE99: 0
A100: .z01 | E100: Zadanie_I : Opracowanie autorskiej, kompleksowej, jednorodnej, standaryzowanej, skalowalnej wzorcowej bazy danych (WBD) procesów magazynowych, gotowej do analiz i procesowania w kolejnych elementach technologii inteligentnej platformy ICT, na potrzeby optymalizacji procesu przygotowywania i realizacji zamówień z wykorzystaniem mechanizmów AI i ML | BJ100: Liczba godzin | BK100: Suma | BL100: Różnica | BM100: 21
A101: 1 | B101: a | C101: -1 | D101: .z01_1_a_-1 | E101: 1.Opracowanie koncepcji standaryzowanej wzorcowej bazy danych | F101: 0 | G101: ACT | H101: 0 | I101: ACT | J101: 0 | K101: 0 | L101: 0 | M101: 0 | N101: 0 | O101: 0 | P101: 0 | Q101: 0 | R101: 0 | S101: 0 | T101: 0 | U101: 0 | V101: 0 | W101: 0 | X101: 0 | Y101: 0 | Z101: 0 | AA101: 0 | AB101: 0 | AC101: 0 | AD101: 0 | AE101: 0 | AF101: 0 | AG101: 0 | AH101: 0 | AI101: 0 | AJ101: 0 | AK101: 0 | AL101: 0 | AM101: 0 | AN101: 0 | AO101: 0 | AP101: 0 | AQ101: 0 | AR101: 0 | AS101: 0 | AT101: 0 | AU101: 0 | AV101: 0 | AW101: 0 | AX101: 0 | AY101: 0 | AZ101: 0 | BA101: 0 | BB101: 0 | BC101: 0 | BD101: 0 | BE101: 0 | BF101: 0 | BG101: 0 | BH101: 0 | BI101: 0 | BJ101: 0 | BK101: 0 | BL101: 0
A102: 1 | B102: a | C102: 0 | D102: .z01_1_a_0 | E102: 1.a.Projektowanie struktury bazy danych, która zapewni jej wydajność, spójność i skalowalność | F102: 0 | G102: 0 | H102: 0 | I102: 0 | J102: 1 | K102: 46204 | L102: 46204 | M102: 0 | N102: 0 | O102: 0 | P102: 0 | Q102: 0 | R102: 0 | S102: 0 | T102: 0 | U102: 0 | V102: 0 | W102: 0 | X102: 0 | Y102: 0 | Z102: 0 | AA102: 0 | AB102: 0 | AC102: 0 | AD102: 0 | AE102: 0 | AF102: 0 | AG102: 0 | AH102: 0 | AI102: 0 | AJ102: 0 | AK102: 0 | AL102: 0 | AM102: 0 | AN102: 0 | AO102: 0 | AP102: 0 | AQ102: 0 | AR102: 0 | AS102: 0 | AT102: 0 | AU102: 0 | AV102: 0 | AW102: 0 | AX102: 0 | AY102: 0 | AZ102: 0 | BA102: 0 | BB102: 0 | BC102: 0 | BD102: 0 | BE102: 0 | BF102: 0 | BG102: 0 | BH102: 0 | BI102: 0 | BJ102: 0 | BK102: 0 | BL102: 0
A103: 1 | B103: a | C103: 1 | D103: .z01_1_a_1 | E103: Opracowanie logicznego i fizycznego modelu bazy danych, uwzględniającego wszystkie kluczowe elementy (np. tabele, relacje, indeksy i klucze) | F103: Imię02 | G103: ACT | H103: 1 | I103: .a02 | J103: 1 | K103: 46204 | L103: 46208 | M103: 4 | N103: 4 | O103: 320 | P103: 0.25 | Q103: 0.25 | R103: 0.25 | S103: 0.25 | T103: 0 | U103: 0 | V103: 0 | W103: 0 | X103: 0 | Y103: 0 | Z103: 0 | AA103: 0 | AB103: 0 | AC103: 0 | AD103: 0 | AE103: 0 | AF103: 0 | AG103: 80 | AH103: 80 | AI103: 80 | AJ103: 80 | AK103: 0 | AL103: 0 | AM103: 0 | AN103: 0 | AO103: 0 | AP103: 0 | AQ103: 0 | AR103: 0 | AS103: 0 | AT103: 0 | AU103: 0 | AV103: 0 | AW103: 0 | AX103: 320 | AY103: 2 | AZ103: 5002 | BA103: 10004 | BB103: 20008 | BC103: 0 | BD103: 0 | BE103: 0 | BF103: 0 | BG103: 0 | BH103: 0 | BI103: 0 | BJ103: 320 | BK103: 320 | BL103: 0
A104: 1 | B104: a | C104: 2 | D104: .z01_1_a_2 | E104: Opracowanie architektury systemu, zapewniającą obsługę rosnącej ilości danych celem szybkiego i efektywnego ich przetwarzania | F104: Imię03 | G104: ACT | H104: 1 | I104: .a03 | J104: 5 | K104: 46232 | L104: 46232 | M104: 4 | N104: 0 | O104: 40 | P104: 0.2 | Q104: 0.2 | R104: 0.2 | S104: 0.2 | T104: 0 | U104: 0 | V104: 0 | W104: 0 | X104: 0 | Y104: 0 | Z104: 0 | AA104: 0 | AB104: 0 | AC104: 0 | AD104: 0 | AE104: 0 | AF104: 0 | AG104: 8 | AH104: 8 | AI104: 8 | AJ104: 8 | AK104: 0 | AL104: 0 | AM104: 0 | AN104: 0 | AO104: 0 | AP104: 0 | AQ104: 0 | AR104: 0 | AS104: 0 | AT104: 0 | AU104: 0 | AV104: 0 | AW104: 0 | AX104: 32 | AY104: 0.2 | AZ104: 5003 | BA104: 1000.6 | BB104: 200.12 | BC104: 0 | BD104: 0 | BE104: 0 | BF104: 0 | BG104: 0 | BH104: 0 | BI104: 0 | BJ104: 40 | BK104: 32 | BL104: 8
A105: 1 | B105: a | C105: 3 | D105: .z01_1_a_3 | E105: Opracowanie mechanizmów do administrowania, eksploatacji i monitorowania bazy danych oraz współpracy z modułami planowanej platformy ICT | F105: Imię01 | G105: ACT | H105: 1 | I105: .a01 | J105: 5 | K105: 46232 | L105: 46232 | M105: 4 | N105: 0 | O105: 40 | P105: 0.2 | Q105: 0.2 | R105: 0.2 | S105: 0.2 | T105: 0 | U105: 0 | V105: 0 | W105: 0 | X105: 0 | Y105: 0 | Z105: 0 | AA105: 0 | AB105: 0 | AC105: 0 | AD105: 0 | AE105: 0 | AF105: 0 | AG105: 8 | AH105: 8 | AI105: 8 | AJ105: 8 | AK105: 0 | AL105: 0 | AM105: 0 | AN105: 0 | AO105: 0 | AP105: 0 | AQ105: 0 | AR105: 0 | AS105: 0 | AT105: 0 | AU105: 0 | AV105: 0 | AW105: 0 | AX105: 32 | AY105: 0.2 | AZ105: 5001 | BA105: 1000.2 | BB105: 200.04 | BC105: 0 | BD105: 0 | BE105: 0 | BF105: 0 | BG105: 0 | BH105: 0 | BI105: 0 | BJ105: 40 | BK105: 32 | BL105: 8
A106: 1 | B106: a | C106: 4 | D106: .z01_1_a_4 | E106: Testowanie, walidacja i optymalizacja projektu struktury bazy danych | F106: Imię03 | G106: ACT | H106: 1 | I106: .a03 | J106: 5 | K106: 46232 | L106: 46232 | M106: 4 | N106: 0 | O106: 40 | P106: 0.2 | Q106: 0.2 | R106: 0.2 | S106: 0.2 | T106: 0 | U106: 0 | V106: 0 | W106: 0 | X106: 0 | Y106: 0 | Z106: 0 | AA106: 0 | AB106: 0 | AC106: 0 | AD106: 0 | AE106: 0 | AF106: 0 | AG106: 8 | AH106: 8 | AI106: 8 | AJ106: 8 | AK106: 0 | AL106: 0 | AM106: 0 | AN106: 0 | AO106: 0 | AP106: 0 | AQ106: 0 | AR106: 0 | AS106: 0 | AT106: 0 | AU106: 0 | AV106: 0 | AW106: 0 | AX106: 32 | AY106: 0.2 | AZ106: 5003 | BA106: 1000.6 | BB106: 200.12 | BC106: 0 | BD106: 0 | BE106: 0 | BF106: 0 | BG106: 0 | BH106: 0 | BI106: 0 | BJ106: 40 | BK106: 32 | BL106: 8
A107: 1 | B107: b | C107: 0 | D107: .z01_1_b_0 | E107: 1.b.Zbieranie i przygotowanie danych w celu uzyskania pełnego obrazu operacji w magazynie i umożliwienia kompleksowych analiz | F107: 0 | G107: 0 | H107: 0 | I107: 0 | J107: 1 | K107: 46204 | L107: 46204 | M107: 0 | N107: 0 | O107: 0 | P107: 0 | Q107: 0 | R107: 0 | S107: 0 | T107: 0 | U107: 0 | V107: 0 | W107: 0 | X107: 0 | Y107: 0 | Z107: 0 | AA107: 0 | AB107: 0 | AC107: 0 | AD107: 0 | AE107: 0 | AF107: 0 | AG107: 0 | AH107: 0 | AI107: 0 | AJ107: 0 | AK107: 0 | AL107: 0 | AM107: 0 | AN107: 0 | AO107: 0 | AP107: 0 | AQ107: 0 | AR107: 0 | AS107: 0 | AT107: 0 | AU107: 0 | AV107: 0 | AW107: 0 | AX107: 0 | AY107: 0 | AZ107: 0 | BA107: 0 | BB107: 0 | BC107: 0 | BD107: 0 | BE107: 0 | BF107: 0 | BG107: 0 | BH107: 0 | BI107: 0 | BJ107: 0 | BK107: 0 | BL107: 0
A108: 1 | B108: b | C108: 1 | D108: .z01_1_b_1 | E108: Stworzenie procedur zbierania, analizy i przetwarzania danych | F108: Imię02 | G108: ACT | H108: 1 | I108: .a02 | J108: 1 | K108: 46204 | L108: 46205 | M108: 1 | N108: 1 | O108: 90 | P108: 0 | Q108: 0 | R108: 0 | S108: 0 | T108: 0.2 | U108: 0.2 | V108: 0.2 | W108: 0.2 | X108: 0.2 | Y108: 0 | Z108: 0 | AA108: 0 | AB108: 0 | AC108: 0 | AD108: 0 | AE108: 0 | AF108: 0 | AG108: 0 | AH108: 0 | AI108: 0 | AJ108: 0 | AK108: 18 | AL108: 18 | AM108: 18 | AN108: 18 | AO108: 18 | AP108: 0 | AQ108: 0 | AR108: 0 | AS108: 0 | AT108: 0 | AU108: 0 | AV108: 0 | AW108: 0 | AX108: 90 | AY108: 0.5625 | AZ108: 5002 | BA108: 2813.625 | BB108: 1582.6641 | BC108: 0 | BD108: 0 | BE108: 0 | BF108: 0 | BG108: 0 | BH108: 0 | BI108: 0 | BJ108: 90 | BK108: 90 | BL108: 0
A109: 1 | B109: b | C109: 2 | D109: .z01_1_b_2 | E109: Pozyskanie danych z różnych źródeł, np. systemy WMS, ERP | F109: Imię01 | G109: ACT | H109: 1 | I109: .a01 | J109: 2 | K109: 46211 | L109: 46213 | M109: 3 | N109: 2 | O109: 160 | P109: 0 | Q109: 0 | R109: 0 | S109: 0 | T109: 0.2 | U109: 0.2 | V109: 0.2 | W109: 0.2 | X109: 0.2 | Y109: 0 | Z109: 0 | AA109: 0 | AB109: 0 | AC109: 0 | AD109: 0 | AE109: 0 | AF109: 0 | AG109: 0 | AH109: 0 | AI109: 0 | AJ109: 0 | AK109: 32 | AL109: 32 | AM109: 32 | AN109: 32 | AO109: 32 | AP109: 0 | AQ109: 0 | AR109: 0 | AS109: 0 | AT109: 0 | AU109: 0 | AV109: 0 | AW109: 0 | AX109: 160 | AY109: 1 | AZ109: 5001 | BA109: 5001 | BB109: 5001 | BC109: 0 | BD109: 0 | BE109: 0 | BF109: 0 | BG109: 0 | BH109: 0 | BI109: 0 | BJ109: 160 | BK109: 160 | BL109: 0
A110: 1 | B110: b | C110: 3 | D110: .z01_1_b_3 | E110: Identyfikacja aktualnie przypisywanych atrybutów do rekordów/obiektów w WMS/ERP | F110: Imię02 | G110: ACT | H110: 1 | I110: .a02 | J110: 4 | K110: 46225 | L110: 46226 | M110: 4 | N110: 1 | O110: 120 | P110: 0 | Q110: 0 | R110: 0 | S110: 0 | T110: 0.2 | U110: 0.2 | V110: 0.2 | W110: 0.2 | X110: 0.2 | Y110: 0 | Z110: 0 | AA110: 0 | AB110: 0 | AC110: 0 | AD110: 0 | AE110: 0 | AF110: 0 | AG110: 0 | AH110: 0 | AI110: 0 | AJ110: 0 | AK110: 24 | AL110: 24 | AM110: 24 | AN110: 24 | AO110: 24 | AP110: 0 | AQ110: 0 | AR110: 0 | AS110: 0 | AT110: 0 | AU110: 0 | AV110: 0 | AW110: 0 | AX110: 120 | AY110: 0.75 | AZ110: 5002 | BA110: 3751.5 | BB110: 2813.625 | BC110: 0 | BD110: 0 | BE110: 0 | BF110: 0 | BG110: 0 | BH110: 0 | BI110: 0 | BJ110: 120 | BK110: 120 | BL110: 0
A111: 1 | B111: b | C111: 4 | D111: .z01_1_b_4 | E111: Opracowanie założeń modeli, schematów, organizacji i prezentacji danych wejściowych | F111: Imię03 | G111: ACT | H111: 1 | I111: .a03 | J111: 5 | K111: 46232 | L111: 46234 | M111: 6 | N111: 2 | O111: 180 | P111: 0 | Q111: 0 | R111: 0 | S111: 0 | T111: 0.2 | U111: 0.2 | V111: 0.2 | W111: 0.2 | X111: 0.2 | Y111: 0 | Z111: 0 | AA111: 0 | AB111: 0 | AC111: 0 | AD111: 0 | AE111: 0 | AF111: 0 | AG111: 0 | AH111: 0 | AI111: 0 | AJ111: 0 | AK111: 36 | AL111: 36 | AM111: 36 | AN111: 36 | AO111: 36 | AP111: 0 | AQ111: 0 | AR111: 0 | AS111: 0 | AT111: 0 | AU111: 0 | AV111: 0 | AW111: 0 | AX111: 180 | AY111: 1.125 | AZ111: 5003 | BA111: 5628.375 | BB111: 6331.9219 | BC111: 0 | BD111: 0 | BE111: 0 | BF111: 0 | BG111: 0 | BH111: 0 | BI111: 0 | BJ111: 180 | BK111: 180 | BL111: 0
A112: 1 | B112: c | C112: 1 | D112: .z01_1_c_1 | E112: Zgromadzenie danych historycznych (ostatnie 3 lata), dot. procesów omawianych w ramach niniejszego projektu | F112: 0 | G112: ACT | H112: 2 | I112: .a01 | J112: 7 | K112: 46246 | L112: 46247 | M112: 7 | N112: 1 | O112: 180 | P112: 0.11 | Q112: 0.11 | R112: 0.11 | S112: 0.11 | T112: 0.11 | U112: 0.11 | V112: 0.11 | W112: 0.11 | X112: 0.12 | Y112: 0 | Z112: 0 | AA112: 0 | AB112: 0 | AC112: 0 | AD112: 0 | AE112: 0 | AF112: 0 | AG112: 20 | AH112: 20 | AI112: 20 | AJ112: 20 | AK112: 20 | AL112: 20 | AM112: 20 | AN112: 20 | AO112: 20 | AP112: 0 | AQ112: 0 | AR112: 0 | AS112: 0 | AT112: 0 | AU112: 0 | AV112: 0 | AW112: 0 | AX112: 180 | AY112: 1.125 | AZ112: 5001 | BA112: 5626.125 | BB112: 6329.3906 | BC112: 0 | BD112: 0 | BE112: 0 | BF112: 0 | BG112: 0 | BH112: 0 | BI112: 0 | BJ112: 180 | BK112: 180 | BL112: 0
A113: 1 | B113: d | C113: 1 | D113: .z01_1_d_1 | E113: Oczyszczanie, normalizacja, konwersja i standaryzacja danych (procedury ETL), w tym usuwanie duplikatów i korekcji błędów, do jednolitego formatu na potrzeby dokładności analiz i predykcji, spójności i możliwość łatwego przetwarzania | F113: Imię03 | G113: ACT | H113: 3 | I113: .a03 | J113: 8 | K113: 46253 | L113: 46254 | M113: 8 | N113: 1 | O113: 180 | P113: 0.11 | Q113: 0.11 | R113: 0.11 | S113: 0.11 | T113: 0.11 | U113: 0.11 | V113: 0.11 | W113: 0.11 | X113: 0.12 | Y113: 0 | Z113: 0 | AA113: 0 | AB113: 0 | AC113: 0 | AD113: 0 | AE113: 0 | AF113: 0 | AG113: 20 | AH113: 20 | AI113: 20 | AJ113: 20 | AK113: 20 | AL113: 20 | AM113: 20 | AN113: 20 | AO113: 20 | AP113: 0 | AQ113: 0 | AR113: 0 | AS113: 0 | AT113: 0 | AU113: 0 | AV113: 0 | AW113: 0 | AX113: 180 | AY113: 1.125 | AZ113: 5003 | BA113: 5628.375 | BB113: 6331.9219 | BC113: 0 | BD113: 0 | BE113: 0 | BF113: 0 | BG113: 0 | BH113: 0 | BI113: 0 | BJ113: 180 | BK113: 180 | BL113: 0
A114: 2 | B114: a | C114: 0 | D114: .z01_2_a_0 | E114: 2.Implementacja WBD w infrastrukturze Wnioskodawcy w oparciu o wybrane platformy bazodanowe, np. Oracle, MSSQL, MySQL | F114: 0 | G114: 0 | H114: 0 | I114: 0 | J114: 9 | K114: 46260 | L114: 46260 | M114: 8 | N114: 0 | O114: 0 | P114: 0 | Q114: 0 | R114: 0 | S114: 0 | T114: 0 | U114: 0 | V114: 0 | W114: 0 | X114: 0 | Y114: 0 | Z114: 0 | AA114: 0 | AB114: 0 | AC114: 0 | AD114: 0 | AE114: 0 | AF114: 0 | AG114: 0 | AH114: 0 | AI114: 0 | AJ114: 0 | AK114: 0 | AL114: 0 | AM114: 0 | AN114: 0 | AO114: 0 | AP114: 0 | AQ114: 0 | AR114: 0 | AS114: 0 | AT114: 0 | AU114: 0 | AV114: 0 | AW114: 0 | AX114: 0 | AY114: 0 | AZ114: 0 | BA114: 0 | BB114: 0 | BC114: 0 | BD114: 0 | BE114: 0 | BF114: 0 | BG114: 0 | BH114: 0 | BI114: 0 | BJ114: 0 | BK114: 0 | BL114: 0
A115: 2 | B115: a | C115: 1 | D115: .z01_2_a_1 | E115: Testowanie i walidacja platform bazodanowych (testy funkcjonalne i wydajnościowe, w tym obciążeniowe i regresyjne) jest kluczowe dla zapewnienia, że baza danych działa zgodnie z wymaganiami i jest gotowa do użycia | F115: Imię03 | G115: ACT | H115: 4 | I115: .a03 | J115: 9 | K115: 46260 | L115: 46261 | M115: 9 | N115: 1 | O115: 200 | P115: 0.11 | Q115: 0.11 | R115: 0.11 | S115: 0.11 | T115: 0.11 | U115: 0.11 | V115: 0.11 | W115: 0.11 | X115: 0.12 | Y115: 0 | Z115: 0 | AA115: 0 | AB115: 0 | AC115: 0 | AD115: 0 | AE115: 0 | AF115: 0 | AG115: 22 | AH115: 22 | AI115: 22 | AJ115: 22 | AK115: 22 | AL115: 22 | AM115: 22 | AN115: 22 | AO115: 24 | AP115: 0 | AQ115: 0 | AR115: 0 | AS115: 0 | AT115: 0 | AU115: 0 | AV115: 0 | AW115: 0 | AX115: 200 | AY115: 1.25 | AZ115: 5003 | BA115: 6253.75 | BB115: 7817.1875 | BC115: 0 | BD115: 0 | BE115: 0 | BF115: 0 | BG115: 0 | BH115: 0 | BI115: 0 | BJ115: 200 | BK115: 200 | BL115: 0
A116: 2 | B116: b | C116: 1 | D116: .z01_2_b_1 | E116: Wybór platformy bazodanowej na podstawie testów wydajnościowych WBD | F116: Imię01 | G116: ACT | H116: 4 | I116: .a01 | J116: 10 | K116: 46267 | L116: 46267 | M116: 9 | N116: 0 | O116: 45 | P116: 0.11 | Q116: 0.11 | R116: 0.11 | S116: 0.11 | T116: 0.11 | U116: 0.11 | V116: 0.11 | W116: 0.11 | X116: 0.12 | Y116: 0 | Z116: 0 | AA116: 0 | AB116: 0 | AC116: 0 | AD116: 0 | AE116: 0 | AF116: 0 | AG116: 5 | AH116: 5 | AI116: 5 | AJ116: 5 | AK116: 5 | AL116: 5 | AM116: 5 | AN116: 5 | AO116: 5 | AP116: 0 | AQ116: 0 | AR116: 0 | AS116: 0 | AT116: 0 | AU116: 0 | AV116: 0 | AW116: 0 | AX116: 45 | AY116: 0.28125 | AZ116: 5001 | BA116: 1406.5312 | BB116: 395.58691 | BC116: 0 | BD116: 0 | BE116: 0 | BF116: 0 | BG116: 0 | BH116: 0 | BI116: 0 | BJ116: 45 | BK116: 45 | BL116: 0
A117: 2 | B117: c | C117: 1 | D117: .z01_2_c_1 | E117: Wybór odpowiedniej platformy technologicznej zapewniającej skalowalność, bezpieczeństwo i wydajność analiz AI/ML | F117: Imię03 | G117: ACT | H117: 4 | I117: .a03 | J117: 10 | K117: 46267 | L117: 46268 | M117: 10 | N117: 1 | O117: 200 | P117: 0.11 | Q117: 0.11 | R117: 0.11 | S117: 0.11 | T117: 0.11 | U117: 0.11 | V117: 0.11 | W117: 0.11 | X117: 0.12 | Y117: 0 | Z117: 0 | AA117: 0 | AB117: 0 | AC117: 0 | AD117: 0 | AE117: 0 | AF117: 0 | AG117: 22 | AH117: 22 | AI117: 22 | AJ117: 22 | AK117: 22 | AL117: 22 | AM117: 22 | AN117: 22 | AO117: 24 | AP117: 0 | AQ117: 0 | AR117: 0 | AS117: 0 | AT117: 0 | AU117: 0 | AV117: 0 | AW117: 0 | AX117: 200 | AY117: 1.25 | AZ117: 5003 | BA117: 6253.75 | BB117: 7817.1875 | BC117: 0 | BD117: 0 | BE117: 0 | BF117: 0 | BG117: 0 | BH117: 0 | BI117: 0 | BJ117: 200 | BK117: 200 | BL117: 0
A118: 2 | B118: d | C118: 1 | D118: .z01_2_d_1 | E118: Fizyczna implementacja WBD w infrastrukturze Wnioskodawcy | F118: Imię05 | G118: ACT | H118: 5 | I118: .a05 | J118: 11 | K118: 46274 | L118: 46276 | M118: 12 | N118: 2 | O118: 200 | P118: 0.2 | Q118: 0.2 | R118: 0.2 | S118: 0.2 | T118: 0.2 | U118: 0 | V118: 0 | W118: 0 | X118: 0 | Y118: 0 | Z118: 0 | AA118: 0 | AB118: 0 | AC118: 0 | AD118: 0 | AE118: 0 | AF118: 0 | AG118: 40 | AH118: 40 | AI118: 40 | AJ118: 40 | AK118: 40 | AL118: 0 | AM118: 0 | AN118: 0 | AO118: 0 | AP118: 0 | AQ118: 0 | AR118: 0 | AS118: 0 | AT118: 0 | AU118: 0 | AV118: 0 | AW118: 0 | AX118: 200 | AY118: 1.25 | AZ118: 5005 | BA118: 6256.25 | BB118: 7820.3125 | BC118: 0 | BD118: 0 | BE118: 0 | BF118: 0 | BG118: 0 | BH118: 0 | BI118: 0 | BJ118: 200 | BK118: 200 | BL118: 0
A119: 2 | B119: e | C119: 1 | D119: .z01_2_e_1 | E119: Utworzenie mechanizmu do transferu danych między infrastrukturą Wnioskodawcy a platformami technologicznymi (np. Google Cloud, Microsoft Azure, NVidia AI) | F119: Imię02 | G119: ACT/END | H119: 5 | I119: .a02 | J119: 13 | K119: 46288 | L119: 46288 | M119: 12 | N119: 0 | O119: 200 | P119: 0 | Q119: 0 | R119: 0 | S119: 0 | T119: 0 | U119: 0.15 | V119: 0.15 | W119: 0.15 | X119: 0.15 | Y119: 0.4 | Z119: 0 | AA119: 0 | AB119: 0 | AC119: 0 | AD119: 0 | AE119: 0 | AF119: 0 | AG119: 0 | AH119: 0 | AI119: 0 | AJ119: 0 | AK119: 0 | AL119: 30 | AM119: 30 | AN119: 30 | AO119: 30 | AP119: 80 | AQ119: 0 | AR119: 0 | AS119: 0 | AT119: 0 | AU119: 0 | AV119: 0 | AW119: 0 | AX119: 120 | AY119: 0.75 | AZ119: 5002 | BA119: 3751.5 | BB119: 2813.625 | BC119: 0 | BD119: 0 | BE119: 0 | BF119: 0 | BG119: 0 | BH119: 0 | BI119: 0 | BJ119: 200 | BK119: 200 | BL119: 0
A120: 3 | B120: a | C120: 1 | D120: .z01_3_a_1 | E120: 3.Opracowanie narzędzi do automatycznego monitorowania, wykrywających anomalie i nieprawidłowości w danych w czasie rzeczywistym, współpracujących z wybraną platformą bazodanową, przeprowadzających automatyczne sprawdzanie kompletności rekordów. Flagowane będą rekordy z brakującymi danymi natychmiast po ich wprowadzeniu/aktualizacji i wysyłane powiadomienia do administratorów, gdy liczba tych rekordów przekroczy próg 10 rekordów. Będą śledzić czas ostatniej aktualizacji każdego rekordu, flagując te, które nie były aktualizowane zgodnie z ustalonym harmonogramem (co 24h i generować odpowiednie alerty. | F120: Imię01 | G120: ACT | H120: 6 | I120: .a01 | J120: 13 | K120: 46288 | L120: 46290 | M120: 14 | N120: 2 | O120: 80 | P120: 0.5 | Q120: 0.5 | R120: 0 | S120: 0 | T120: 0 | U120: 0 | V120: 0 | W120: 0 | X120: 0 | Y120: 0 | Z120: 0 | AA120: 0 | AB120: 0 | AC120: 0 | AD120: 0 | AE120: 0 | AF120: 0 | AG120: 40 | AH120: 40 | AI120: 0 | AJ120: 0 | AK120: 0 | AL120: 0 | AM120: 0 | AN120: 0 | AO120: 0 | AP120: 0 | AQ120: 0 | AR120: 0 | AS120: 0 | AT120: 0 | AU120: 0 | AV120: 0 | AW120: 0 | AX120: 80 | AY120: 0.5 | AZ120: 5001 | BA120: 2500.5 | BB120: 1250.25 | BC120: 0 | BD120: 0 | BE120: 0 | BF120: 0 | BG120: 0 | BH120: 0 | BI120: 0 | BJ120: 80 | BK120: 80 | BL120: 0
A121: 4 | B121: a | C121: 0 | D121: .z01_4_a_0 | E121: 4.Połączenie WBD z wybranym systemem AI/ML, co pozwoli na zbadanie potencjału zaawansowanych metod analitycznych AI/ML w celu zwiększenia wydajności procesów magazynowych. | F121: 0 | G121: 0 | H121: 0 | I121: 0 | J121: 15 | K121: 46302 | L121: 46302 | M121: 14 | N121: 0 | O121: 0 | P121: 0 | Q121: 0 | R121: 0 | S121: 0 | T121: 0 | U121: 0 | V121: 0 | W121: 0 | X121: 0 | Y121: 0 | Z121: 0 | AA121: 0 | AB121: 0 | AC121: 0 | AD121: 0 | AE121: 0 | AF121: 0 | AG121: 0 | AH121: 0 | AI121: 0 | AJ121: 0 | AK121: 0 | AL121: 0 | AM121: 0 | AN121: 0 | AO121: 0 | AP121: 0 | AQ121: 0 | AR121: 0 | AS121: 0 | AT121: 0 | AU121: 0 | AV121: 0 | AW121: 0 | AX121: 0 | AY121: 0 | AZ121: 0 | BA121: 0 | BB121: 0 | BC121: 0 | BD121: 0 | BE121: 0 | BF121: 0 | BG121: 0 | BH121: 0 | BI121: 0 | BJ121: 0 | BK121: 0 | BL121: 0
A122: 4 | B122: a | C122: 1 | D122: .z01_4_a_1 | E122: Zaimportowanie WBD w środowisku wybranej platformy AI/ML | F122: Imię03 | G122: ACT | H122: 6 | I122: .a03 | J122: 15 | K122: 46302 | L122: 46302 | M122: 14 | N122: 0 | O122: 45 | P122: 0 | Q122: 0 | R122: 0.17 | S122: 0.14 | T122: 0.11 | U122: 0.14 | V122: 0.14 | W122: 0.15 | X122: 0.15 | Y122: 0 | Z122: 0 | AA122: 0 | AB122: 0 | AC122: 0 | AD122: 0 | AE122: 0 | AF122: 0 | AG122: 0 | AH122: 0 | AI122: 8 | AJ122: 6 | AK122: 5 | AL122: 6 | AM122: 6 | AN122: 7 | AO122: 7 | AP122: 0 | AQ122: 0 | AR122: 0 | AS122: 0 | AT122: 0 | AU122: 0 | AV122: 0 | AW122: 0 | AX122: 45 | AY122: 0.28125 | AZ122: 5003 | BA122: 1407.0938 | BB122: 395.74512 | BC122: 0 | BD122: 0 | BE122: 0 | BF122: 0 | BG122: 0 | BH122: 0 | BI122: 0 | BJ122: 45 | BK122: 45 | BL122: 0
A123: 4 | B123: b | C123: 1 | D123: .z01_4_b_1 | E123: Sprawdzenie i potwierdzenie poprawności zaimplementowanych danych. Określenie zestawu danych testowych i referencyjnych do dalszych analiz | F123: Imię01 | G123: ACT | H123: 6 | I123: .a01 | J123: 15 | K123: 46302 | L123: 46302 | M123: 14 | N123: 0 | O123: 45 | P123: 0 | Q123: 0 | R123: 0.17 | S123: 0.16 | T123: 0.16 | U123: 0.17 | V123: 0.17 | W123: 0.17 | X123: 0 | Y123: 0 | Z123: 0 | AA123: 0 | AB123: 0 | AC123: 0 | AD123: 0 | AE123: 0 | AF123: 0 | AG123: 0 | AH123: 0 | AI123: 8 | AJ123: 7 | AK123: 7 | AL123: 8 | AM123: 8 | AN123: 8 | AO123: 0 | AP123: 0 | AQ123: 0 | AR123: 0 | AS123: 0 | AT123: 0 | AU123: 0 | AV123: 0 | AW123: 0 | AX123: 46 | AY123: 0.2875 | AZ123: 5001 | BA123: 1437.7875 | BB123: 413.36391 | BC123: 0 | BD123: 0 | BE123: 0 | BF123: 0 | BG123: 0 | BH123: 0 | BI123: 0 | BJ123: 45 | BK123: 46 | BL123: -1
A124: 4 | B124: c | C124: 1 | D124: .z01_4_c_1 | E124: Stworzenie zautomatyzowanego systemu aktualizacji danych WBD zintegrowanej z platformą. | F124: Imię02 | G124: ACT | H124: 6 | I124: .a02 | J124: 15 | K124: 46302 | L124: 46303 | M124: 15 | N124: 1 | O124: 80 | P124: 0 | Q124: 0 | R124: 0 | S124: 0.16 | T124: 0.16 | U124: 0.17 | V124: 0.17 | W124: 0.17 | X124: 0.17 | Y124: 0 | Z124: 0 | AA124: 0 | AB124: 0 | AC124: 0 | AD124: 0 | AE124: 0 | AF124: 0 | AG124: 0 | AH124: 0 | AI124: 0 | AJ124: 13 | AK124: 13 | AL124: 14 | AM124: 14 | AN124: 14 | AO124: 14 | AP124: 0 | AQ124: 0 | AR124: 0 | AS124: 0 | AT124: 0 | AU124: 0 | AV124: 0 | AW124: 0 | AX124: 82 | AY124: 0.5125 | AZ124: 5002 | BA124: 2563.525 | BB124: 1313.8066 | BC124: 0 | BD124: 0 | BE124: 0 | BF124: 0 | BG124: 0 | BH124: 0 | BI124: 0 | BJ124: 80 | BK124: 82 | BL124: -2
A125: 5 | B125: a | C125: 1 | D125: .z01_5_a_1 | E125: 5.Opracowanie procedur/strategii bezpieczeństwa i zarządzania WBD | F125: Imię03 | G125: ACT | H125: 7 | I125: .a03 | J125: 16 | K125: 46309 | L125: 46310 | M125: 16 | N125: 1 | O125: 80 | P125: 0.11 | Q125: 0.11 | R125: 0.11 | S125: 0.11 | T125: 0.11 | U125: 0.11 | V125: 0.11 | W125: 0.11 | X125: 0.12 | Y125: 0 | Z125: 0 | AA125: 0 | AB125: 0 | AC125: 0 | AD125: 0 | AE125: 0 | AF125: 0 | AG125: 9 | AH125: 9 | AI125: 9 | AJ125: 9 | AK125: 9 | AL125: 9 | AM125: 9 | AN125: 9 | AO125: 10 | AP125: 0 | AQ125: 0 | AR125: 0 | AS125: 0 | AT125: 0 | AU125: 0 | AV125: 0 | AW125: 0 | AX125: 82 | AY125: 0.5125 | AZ125: 5003 | BA125: 2564.0375 | BB125: 1314.0692 | BC125: 0 | BD125: 0 | BE125: 0 | BF125: 0 | BG125: 0 | BH125: 0 | BI125: 0 | BJ125: 80 | BK125: 82 | BL125: -2
A126: 6 | B126: a | C126: 1 | D126: .z01_6_a_1 | E126: 6.Opracowanie dokumentacji WBD | F126: Imię01 | G126: ACT | H126: 8 | I126: .a01 | J126: 17 | K126: 46316 | L126: 46317 | M126: 17 | N126: 1 | O126: 120 | P126: 0.11 | Q126: 0.11 | R126: 0.11 | S126: 0.11 | T126: 0.11 | U126: 0.11 | V126: 0.11 | W126: 0.11 | X126: 0.12 | Y126: 0 | Z126: 0 | AA126: 0 | AB126: 0 | AC126: 0 | AD126: 0 | AE126: 0 | AF126: 0 | AG126: 13 | AH126: 13 | AI126: 13 | AJ126: 13 | AK126: 13 | AL126: 13 | AM126: 13 | AN126: 13 | AO126: 14 | AP126: 0 | AQ126: 0 | AR126: 0 | AS126: 0 | AT126: 0 | AU126: 0 | AV126: 0 | AW126: 0 | AX126: 118 | AY126: 0.7375 | AZ126: 5001 | BA126: 3688.2375 | BB126: 2720.0752 | BC126: 0 | BD126: 0 | BE126: 0 | BF126: 0 | BG126: 0 | BH126: 0 | BI126: 0 | BJ126: 120 | BK126: 118 | BL126: 2
A127: .z01 | BJ127: 0 | BK127: 0 | BL127: 0
A128: .z01 | BJ128: 0 | BK128: 0 | BL128: 0
A129: .z01 | BJ129: 0 | BK129: 0 | BL129: 0
A130: .z01 | BJ130: 0 | BK130: 0 | BL130: 0
A131: .z01 | BJ131: 0 | BK131: 0 | BL131: 0
A132: .z01 | BJ132: 0 | BK132: 0 | BL132: 0
A133: .z01 | BJ133: 0 | BK133: 0 | BL133: 0
A134: .z01 | BJ134: 0 | BK134: 0 | BL134: 0
A135: .z01 | BJ135: 0 | BK135: 0 | BL135: 0
A136: .z01 | BJ136: 0 | BK136: 0 | BL136: 0
A137: .z01 | BJ137: 0 | BK137: 0 | BL137: 0
A138: .z01 | BJ138: 0 | BK138: 0 | BL138: 0
... A198: .z01 | BJ198: 0 | BK198: 0 | BL198: 0
A199: 1 | BJ199: 0 | BK199: 0 | BL199: 0 | BM199: -2
A200: .z02 | E200: Zadanie_II : Opracowanie autorskiej bazy danych dla procesu pakowania (BDP) z wykorzystaniem mechanizmów AI i ML | BJ200: 0 | BK200: 0 | BL200: 0 | BM200: -2
A201: 1 | B201: a | C201: 0 | D201: .z02_1_a_0 | E201: 1.Opracowanie koncepcji standaryzowanej bazy danych Pakowania | F201: 0 | G201: 0 | H201: 0 | I201: ACT | J201: 0 | M201: 0 | N201: 0 | O201: 0 | P201: 0 | Q201: 0 | R201: 0 | S201: 0 | T201: 0 | U201: 0 | V201: 0 | W201: 0 | X201: 0 | Y201: 0 | Z201: 0 | AA201: 0 | AB201: 0 | AC201: 0 | AD201: 0 | AE201: 0 | AF201: 0 | AG201: 0 | AH201: 0 | AI201: 0 | AJ201: 0 | AK201: 0 | AL201: 0 | AM201: 0 | AN201: 0 | AO201: 0 | AP201: 0 | AQ201: 0 | AR201: 0 | AS201: 0 | AT201: 0 | AU201: 0 | AV201: 0 | AW201: 0 | AX201: 0 | AY201: 0 | AZ201: 0 | BA201: 0 | BB201: 0 | BC201: 0 | BD201: 0 | BE201: 0 | BF201: 0 | BG201: 0 | BH201: 0 | BI201: 0 | BJ201: 0 | BK201: 0 | BL201: 0
A202: 1 | B202: a | C202: 0 | D202: .z02_1_a_0 | E202: 1.a.Projektowanie struktury bazy danych, która zapewni jej wydajność, spójność i skalowalność | F202: 0 | G202: 0 | H202: 0 | I202: 0 | J202: 0 | M202: 0 | N202: 0 | O202: 0 | P202: 0 | Q202: 0 | R202: 0 | S202: 0 | T202: 0 | U202: 0 | V202: 0 | W202: 0 | X202: 0 | Y202: 0 | Z202: 0 | AA202: 0 | AB202: 0 | AC202: 0 | AD202: 0 | AE202: 0 | AF202: 0 | AG202: 0 | AH202: 0 | AI202: 0 | AJ202: 0 | AK202: 0 | AL202: 0 | AM202: 0 | AN202: 0 | AO202: 0 | AP202: 0 | AQ202: 0 | AR202: 0 | AS202: 0 | AT202: 0 | AU202: 0 | AV202: 0 | AW202: 0 | AX202: 0 | AY202: 0 | AZ202: 0 | BA202: 0 | BB202: 0 | BC202: 0 | BD202: 0 | BE202: 0 | BF202: 0 | BG202: 0 | BH202: 0 | BI202: 0 | BJ202: 0 | BK202: 0 | BL202: 0
A203: 1 | B203: a | C203: 1 | D203: .z02_1_a_1 | E203: Opracowanie logicznego i fizycznego modelu bazy danych, uwzględniającego wszystkie kluczowe elementy (np. tabele, relacje, indeksy i klucze) | F203: Imię02 | G203: Nazwisko02 | H203: 1 | I203: .a02 | J203: 18 | K203: 46323 | L203: 46325 | M203: 19 | N203: 2 | O203: 160 | P203: 0.25 | Q203: 0.25 | R203: 0.25 | S203: 0.25 | T203: 0 | U203: 0 | V203: 0 | W203: 0 | X203: 0 | Y203: 0 | Z203: 0 | AA203: 0 | AB203: 0 | AC203: 0 | AD203: 0 | AE203: 0 | AF203: 0 | AG203: 40 | AH203: 40 | AI203: 40 | AJ203: 40 | AK203: 0 | AL203: 0 | AM203: 0 | AN203: 0 | AO203: 0 | AP203: 0 | AQ203: 0 | AR203: 0 | AS203: 0 | AT203: 0 | AU203: 0 | AV203: 0 | AW203: 0 | AX203: 160 | AY203: 1 | AZ203: 5002 | BA203: 5002 | BB203: 5002 | BC203: 0 | BD203: 0 | BE203: 0 | BF203: 0 | BG203: 0 | BH203: 0 | BI203: 0 | BJ203: 160 | BK203: 160 | BL203: 0
A204: 1 | B204: a | C204: 1 | D204: .z02_1_a_1 | E204: Opracowanie architektury systemu, zapewniającą obsługę rosnącej ilości danych celem szybkiego i efektywnego ich przetwarzania | F204: Imię03 | G204: Nazwisko03 | H204: 1 | I204: .a03 | J204: 20 | K204: 46337 | L204: 46337 | M204: 19 | N204: 0 | O204: 20 | P204: 0.25 | Q204: 0.25 | R204: 0.25 | S204: 0.25 | T204: 0 | U204: 0 | V204: 0 | W204: 0 | X204: 0 | Y204: 0 | Z204: 0 | AA204: 0 | AB204: 0 | AC204: 0 | AD204: 0 | AE204: 0 | AF204: 0 | AG204: 5 | AH204: 5 | AI204: 5 | AJ204: 5 | AK204: 0 | AL204: 0 | AM204: 0 | AN204: 0 | AO204: 0 | AP204: 0 | AQ204: 0 | AR204: 0 | AS204: 0 | AT204: 0 | AU204: 0 | AV204: 0 | AW204: 0 | AX204: 20 | AY204: 0.125 | AZ204: 5003 | BA204: 625.375 | BB204: 78.171875 | BC204: 0 | BD204: 0 | BE204: 0 | BF204: 0 | BG204: 0 | BH204: 0 | BI204: 0 | BJ204: 20 | BK204: 20 | BL204: 0
A205: 1 | B205: a | C205: 1 | D205: .z02_1_a_1 | E205: Opracowanie mechanizmów do administrowania, eksploatacji i monitorowania bazy danych oraz współpracy z modułami planowanej platformy ICT | F205: Imię01 | G205: Nazwisko01 | H205: 1 | I205: .a01 | J205: 20 | K205: 46337 | L205: 46337 | M205: 19 | N205: 0 | O205: 20 | P205: 0.25 | Q205: 0.25 | R205: 0.25 | S205: 0.25 | T205: 0 | U205: 0 | V205: 0 | W205: 0 | X205: 0 | Y205: 0 | Z205: 0 | AA205: 0 | AB205: 0 | AC205: 0 | AD205: 0 | AE205: 0 | AF205: 0 | AG205: 5 | AH205: 5 | AI205: 5 | AJ205: 5 | AK205: 0 | AL205: 0 | AM205: 0 | AN205: 0 | AO205: 0 | AP205: 0 | AQ205: 0 | AR205: 0 | AS205: 0 | AT205: 0 | AU205: 0 | AV205: 0 | AW205: 0 | AX205: 20 | AY205: 0.125 | AZ205: 5001 | BA205: 625.125 | BB205: 78.140625 | BC205: 0 | BD205: 0 | BE205: 0 | BF205: 0 | BG205: 0 | BH205: 0 | BI205: 0 | BJ205: 20 | BK205: 20 | BL205: 0
A206: 1 | B206: a | C206: 1 | D206: .z02_1_a_1 | E206: Testowanie, walidacja i optymalizacja projektu struktury bazy danych | F206: Imię03 | G206: Nazwisko03 | H206: 1 | I206: .a03 | J206: 20 | K206: 46337 | L206: 46337 | M206: 19 | N206: 0 | O206: 20 | P206: 0.25 | Q206: 0.25 | R206: 0.25 | S206: 0.25 | T206: 0 | U206: 0 | V206: 0 | W206: 0 | X206: 0 | Y206: 0 | Z206: 0 | AA206: 0 | AB206: 0 | AC206: 0 | AD206: 0 | AE206: 0 | AF206: 0 | AG206: 5 | AH206: 5 | AI206: 5 | AJ206: 5 | AK206: 0 | AL206: 0 | AM206: 0 | AN206: 0 | AO206: 0 | AP206: 0 | AQ206: 0 | AR206: 0 | AS206: 0 | AT206: 0 | AU206: 0 | AV206: 0 | AW206: 0 | AX206: 20 | AY206: 0.125 | AZ206: 5003 | BA206: 625.375 | BB206: 78.171875 | BC206: 0 | BD206: 0 | BE206: 0 | BF206: 0 | BG206: 0 | BH206: 0 | BI206: 0 | BJ206: 20 | BK206: 20 | BL206: 0
A207: 1 | B207: b | C207: 0 | D207: .z02_1_b_0 | E207: 1.b.Zbieranie i przygotowanie danych w celu uzyskania pełnego obrazu operacji dot. Pakowania i umożliwienia kompleksowych analiz | F207: 0 | G207: 0 | H207: 0 | I207: 0 | J207: 20 | K207: 46337 | L207: 46337 | M207: 19 | N207: 0 | O207: 0 | P207: 0 | Q207: 0 | R207: 0 | S207: 0 | T207: 0 | U207: 0 | V207: 0 | W207: 0 | X207: 0 | Y207: 0 | Z207: 0 | AA207: 0 | AB207: 0 | AC207: 0 | AD207: 0 | AE207: 0 | AF207: 0 | AG207: 0 | AH207: 0 | AI207: 0 | AJ207: 0 | AK207: 0 | AL207: 0 | AM207: 0 | AN207: 0 | AO207: 0 | AP207: 0 | AQ207: 0 | AR207: 0 | AS207: 0 | AT207: 0 | AU207: 0 | AV207: 0 | AW207: 0 | AX207: 0 | AY207: 0 | AZ207: 0 | BA207: 0 | BB207: 0 | BC207: 0 | BD207: 0 | BE207: 0 | BF207: 0 | BG207: 0 | BH207: 0 | BI207: 0 | BJ207: 0 | BK207: 0 | BL207: 0
A208: 1 | B208: b | C208: 1 | D208: .z02_1_b_1 | E208: Stworzenie procedur zbierania, analizy i przetwarzania danych | F208: Imię02 | G208: Nazwisko02 | H208: 2 | I208: .a02 | J208: 20 | K208: 46337 | L208: 46338 | M208: 20 | N208: 1 | O208: 40 | P208: 0.25 | Q208: 0.25 | R208: 0.25 | S208: 0.25 | T208: 0 | U208: 0 | V208: 0 | W208: 0 | X208: 0 | Y208: 0 | Z208: 0 | AA208: 0 | AB208: 0 | AC208: 0 | AD208: 0 | AE208: 0 | AF208: 0 | AG208: 10 | AH208: 10 | AI208: 10 | AJ208: 10 | AK208: 0 | AL208: 0 | AM208: 0 | AN208: 0 | AO208: 0 | AP208: 0 | AQ208: 0 | AR208: 0 | AS208: 0 | AT208: 0 | AU208: 0 | AV208: 0 | AW208: 0 | AX208: 40 | AY208: 0.25 | AZ208: 5002 | BA208: 1250.5 | BB208: 312.625 | BC208: 0 | BD208: 0 | BE208: 0 | BF208: 0 | BG208: 0 | BH208: 0 | BI208: 0 | BJ208: 40 | BK208: 40 | BL208: 0
A209: 1 | B209: b | C209: 2 | D209: .z02_1_b_2 | E209: Pozyskanie danych z różnych źródeł, np. systemy WMS, ERP | F209: Imię03 | G209: Nazwisko03 | H209: 2 | I209: .a03 | J209: 21 | K209: 46344 | L209: 46345 | M209: 21 | N209: 1 | O209: 80 | P209: 0.25 | Q209: 0.25 | R209: 0.25 | S209: 0.25 | T209: 0 | U209: 0 | V209: 0 | W209: 0 | X209: 0 | Y209: 0 | Z209: 0 | AA209: 0 | AB209: 0 | AC209: 0 | AD209: 0 | AE209: 0 | AF209: 0 | AG209: 20 | AH209: 20 | AI209: 20 | AJ209: 20 | AK209: 0 | AL209: 0 | AM209: 0 | AN209: 0 | AO209: 0 | AP209: 0 | AQ209: 0 | AR209: 0 | AS209: 0 | AT209: 0 | AU209: 0 | AV209: 0 | AW209: 0 | AX209: 80 | AY209: 0.5 | AZ209: 5003 | BA209: 2501.5 | BB209: 1250.75 | BC209: 0 | BD209: 0 | BE209: 0 | BF209: 0 | BG209: 0 | BH209: 0 | BI209: 0 | BJ209: 80 | BK209: 80 | BL209: 0
A210: 1 | B210: b | C210: 3 | D210: .z02_1_b_3 | E210: Identyfikacja aktualnie przypisywanych atrybutów do rekordów/obiektów w WMS/ERP | F210: Imię01 | G210: Nazwisko01 | H210: 2 | I210: .a01 | J210: 22 | K210: 46351 | L210: 46352 | M210: 22 | N210: 1 | O210: 60 | P210: 0.25 | Q210: 0.25 | R210: 0.25 | S210: 0.25 | T210: 0 | U210: 0 | V210: 0 | W210: 0 | X210: 0 | Y210: 0 | Z210: 0 | AA210: 0 | AB210: 0 | AC210: 0 | AD210: 0 | AE210: 0 | AF210: 0 | AG210: 15 | AH210: 15 | AI210: 15 | AJ210: 15 | AK210: 0 | AL210: 0 | AM210: 0 | AN210: 0 | AO210: 0 | AP210: 0 | AQ210: 0 | AR210: 0 | AS210: 0 | AT210: 0 | AU210: 0 | AV210: 0 | AW210: 0 | AX210: 60 | AY210: 0.375 | AZ210: 5001 | BA210: 1875.375 | BB210: 703.26562 | BC210: 0 | BD210: 0 | BE210: 0 | BF210: 0 | BG210: 0 | BH210: 0 | BI210: 0 | BJ210: 60 | BK210: 60 | BL210: 0
A211: 1 | B211: b | C211: 4 | D211: .z02_1_b_4 | E211: Opracowanie założeń modeli, schematów, organizacji i prezentacji danych wejściowych | F211: Imię03 | G211: Nazwisko03 | H211: 2 | I211: .a03 | J211: 23 | K211: 46358 | L211: 46359 | M211: 23 | N211: 1 | O211: 80 | P211: 0.25 | Q211: 0.25 | R211: 0.25 | S211: 0.25 | T211: 0 | U211: 0 | V211: 0 | W211: 0 | X211: 0 | Y211: 0 | Z211: 0 | AA211: 0 | AB211: 0 | AC211: 0 | AD211: 0 | AE211: 0 | AF211: 0 | AG211: 20 | AH211: 20 | AI211: 20 | AJ211: 20 | AK211: 0 | AL211: 0 | AM211: 0 | AN211: 0 | AO211: 0 | AP211: 0 | AQ211: 0 | AR211: 0 | AS211: 0 | AT211: 0 | AU211: 0 | AV211: 0 | AW211: 0 | AX211: 80 | AY211: 0.5 | AZ211: 5003 | BA211: 2501.5 | BB211: 1250.75 | BC211: 0 | BD211: 0 | BE211: 0 | BF211: 0 | BG211: 0 | BH211: 0 | BI211: 0 | BJ211: 80 | BK211: 80 | BL211: 0
A212: 1 | B212: c | C212: 1 | D212: .z02_1_c_1 | E212: Zgromadzenie danych historycznych (ostatnie 3 lata), dot. procesów omawianych w ramach niniejszego projektu. | F212: Imię04 | G212: Nazwisko04 | H212: 3 | I212: .a04 | J212: 24 | K212: 46365 | L212: 46366 | M212: 24 | N212: 1 | O212: 40 | P212: 0.25 | Q212: 0.25 | R212: 0.25 | S212: 0.25 | T212: 0 | U212: 0 | V212: 0 | W212: 0 | X212: 0 | Y212: 0 | Z212: 0 | AA212: 0 | AB212: 0 | AC212: 0 | AD212: 0 | AE212: 0 | AF212: 0 | AG212: 10 | AH212: 10 | AI212: 10 | AJ212: 10 | AK212: 0 | AL212: 0 | AM212: 0 | AN212: 0 | AO212: 0 | AP212: 0 | AQ212: 0 | AR212: 0 | AS212: 0 | AT212: 0 | AU212: 0 | AV212: 0 | AW212: 0 | AX212: 40 | AY212: 0.25 | AZ212: 5004 | BA212: 1251 | BB212: 312.75 | BC212: 0 | BD212: 0 | BE212: 0 | BF212: 0 | BG212: 0 | BH212: 0 | BI212: 0 | BJ212: 40 | BK212: 40 | BL212: 0
A213: 1 | B213: d | C213: 1 | D213: .z02_1_d_1 | E213: Oczyszczanie, normalizacja, konwersja i standaryzacja danych (procedury ETL), w tym usuwanie duplikatów i korekcji błędów, do jednolitego formatu na potrzeby dokładności analiz i predykcji, spójności i możliwość łatwego przetwarzania, | F213: Imię02 | G213: Nazwisko02 | H213: 4 | I213: .a02 | J213: 25 | K213: 46372 | L213: 46373 | M213: 25 | N213: 1 | O213: 80 | P213: 0.25 | Q213: 0.25 | R213: 0.25 | S213: 0.25 | T213: 0 | U213: 0 | V213: 0 | W213: 0 | X213: 0 | Y213: 0 | Z213: 0 | AA213: 0 | AB213: 0 | AC213: 0 | AD213: 0 | AE213: 0 | AF213: 0 | AG213: 20 | AH213: 20 | AI213: 20 | AJ213: 20 | AK213: 0 | AL213: 0 | AM213: 0 | AN213: 0 | AO213: 0 | AP213: 0 | AQ213: 0 | AR213: 0 | AS213: 0 | AT213: 0 | AU213: 0 | AV213: 0 | AW213: 0 | AX213: 80 | AY213: 0.5 | AZ213: 5002 | BA213: 2501 | BB213: 1250.5 | BC213: 0 | BD213: 0 | BE213: 0 | BF213: 0 | BG213: 0 | BH213: 0 | BI213: 0 | BJ213: 80 | BK213: 80 | BL213: 0
A214: 2 | B214: a | C214: 0 | D214: .z02_2_a_0 | E214: 2.Implementacja BDP w infrastrukturze Wnioskodawcy w oparciu o wybrane platformy bazodanowe, np. Oracle, MSSQL, MySQL | F214: 0 | G214: 0 | H214: 0 | I214: 0 | J214: 26 | K214: 46379 | L214: 46379 | M214: 25 | N214: 0 | O214: 0 | P214: 0 | Q214: 0 | R214: 0 | S214: 0 | T214: 0 | U214: 0 | V214: 0 | W214: 0 | X214: 0 | Y214: 0 | Z214: 0 | AA214: 0 | AB214: 0 | AC214: 0 | AD214: 0 | AE214: 0 | AF214: 0 | AG214: 0 | AH214: 0 | AI214: 0 | AJ214: 0 | AK214: 0 | AL214: 0 | AM214: 0 | AN214: 0 | AO214: 0 | AP214: 0 | AQ214: 0 | AR214: 0 | AS214: 0 | AT214: 0 | AU214: 0 | AV214: 0 | AW214: 0 | AX214: 0 | AY214: 0 | AZ214: 0 | BA214: 0 | BB214: 0 | BC214: 0 | BD214: 0 | BE214: 0 | BF214: 0 | BG214: 0 | BH214: 0 | BI214: 0 | BJ214: 0 | BK214: 0 | BL214: 0
A215: 2 | B215: a | C215: 1 | D215: .z02_2_a_1 | E215: Testowanie i walidacja platform bazodanowych (testy funkcjonalne i wydajnościowe, w tym obciążeniowe i regresyjne) jest kluczowe dla zapewnienia, że baza danych działa zgodnie z wymaganiami i jest gotowa do użycia | F215: Imię01 | G215: Nazwisko01 | H215: 5 | I215: .a01 | J215: 26 | K215: 46379 | L215: 46380 | M215: 26 | N215: 1 | O215: 80 | P215: 0.25 | Q215: 0.25 | R215: 0.25 | S215: 0.25 | T215: 0 | U215: 0 | V215: 0 | W215: 0 | X215: 0 | Y215: 0 | Z215: 0 | AA215: 0 | AB215: 0 | AC215: 0 | AD215: 0 | AE215: 0 | AF215: 0 | AG215: 20 | AH215: 20 | AI215: 20 | AJ215: 20 | AK215: 0 | AL215: 0 | AM215: 0 | AN215: 0 | AO215: 0 | AP215: 0 | AQ215: 0 | AR215: 0 | AS215: 0 | AT215: 0 | AU215: 0 | AV215: 0 | AW215: 0 | AX215: 80 | AY215: 0.5 | AZ215: 5001 | BA215: 2500.5 | BB215: 1250.25 | BC215: 0 | BD215: 0 | BE215: 0 | BF215: 0 | BG215: 0 | BH215: 0 | BI215: 0 | BJ215: 80 | BK215: 80 | BL215: 0
A216: 2 | B216: b | C216: 1 | D216: .z02_2_b_1 | E216: Wybór platformy bazodanowej na podstawie testów wydajnościowych BDP | F216: Imię03 | G216: Nazwisko03 | H216: 5 | I216: .a03 | J216: 27 | K216: 46386 | L216: 46386 | M216: 26 | N216: 0 | O216: 8 | P216: 0.25 | Q216: 0.25 | R216: 0.25 | S216: 0.25 | T216: 0 | U216: 0 | V216: 0 | W216: 0 | X216: 0 | Y216: 0 | Z216: 0 | AA216: 0 | AB216: 0 | AC216: 0 | AD216: 0 | AE216: 0 | AF216: 0 | AG216: 2 | AH216: 2 | AI216: 2 | AJ216: 2 | AK216: 0 | AL216: 0 | AM216: 0 | AN216: 0 | AO216: 0 | AP216: 0 | AQ216: 0 | AR216: 0 | AS216: 0 | AT216: 0 | AU216: 0 | AV216: 0 | AW216: 0 | AX216: 8 | AY216: 0.05 | AZ216: 5003 | BA216: 250.15 | BB216: 12.5075 | BC216: 0 | BD216: 0 | BE216: 0 | BF216: 0 | BG216: 0 | BH216: 0 | BI216: 0 | BJ216: 8 | BK216: 8 | BL216: 0
A217: 2 | B217: c | C217: 1 | D217: .z02_2_c_1 | E217: Wybór odpowiedniej platformy technologicznej zapewniającej skalowalność, bezpieczeństwo i wydajność analiz AI/ML | F217: Imię04 | G217: Nazwisko04 | H217: 5 | I217: .a04 | J217: 27 | K217: 46386 | L217: 46386 | M217: 26 | N217: 0 | O217: 8 | P217: 0.25 | Q217: 0.25 | R217: 0.25 | S217: 0.25 | T217: 0 | U217: 0 | V217: 0 | W217: 0 | X217: 0 | Y217: 0 | Z217: 0 | AA217: 0 | AB217: 0 | AC217: 0 | AD217: 0 | AE217: 0 | AF217: 0 | AG217: 2 | AH217: 2 | AI217: 2 | AJ217: 2 | AK217: 0 | AL217: 0 | AM217: 0 | AN217: 0 | AO217: 0 | AP217: 0 | AQ217: 0 | AR217: 0 | AS217: 0 | AT217: 0 | AU217: 0 | AV217: 0 | AW217: 0 | AX217: 8 | AY217: 0.05 | AZ217: 5004 | BA217: 250.2 | BB217: 12.51 | BC217: 0 | BD217: 0 | BE217: 0 | BF217: 0 | BG217: 0 | BH217: 0 | BI217: 0 | BJ217: 8 | BK217: 8 | BL217: 0
A218: 2 | B218: d | C218: 1 | D218: .z02_2_d_1 | E218: Fizyczna implementacja BDP na platformach technologicznych (np. Google Cloud, Microsoft Azure, NVidia AI) | F218: Imię02 | G218: Nazwisko02 | H218: 6 | I218: .a02 | J218: 27 | K218: 46386 | L218: 46387 | M218: 27 | N218: 1 | O218: 100 | P218: 0.25 | Q218: 0.25 | R218: 0.25 | S218: 0.25 | T218: 0 | U218: 0 | V218: 0 | W218: 0 | X218: 0 | Y218: 0 | Z218: 0 | AA218: 0 | AB218: 0 | AC218: 0 | AD218: 0 | AE218: 0 | AF218: 0 | AG218: 25 | AH218: 25 | AI218: 25 | AJ218: 25 | AK218: 0 | AL218: 0 | AM218: 0 | AN218: 0 | AO218: 0 | AP218: 0 | AQ218: 0 | AR218: 0 | AS218: 0 | AT218: 0 | AU218: 0 | AV218: 0 | AW218: 0 | AX218: 100 | AY218: 0.625 | AZ218: 5002 | BA218: 3126.25 | BB218: 1953.9062 | BC218: 0 | BD218: 0 | BE218: 0 | BF218: 0 | BG218: 0 | BH218: 0 | BI218: 0 | BJ218: 100 | BK218: 100 | BL218: 0
A219: 2 | B219: e | C219: 1 | D219: .z02_2_e_1 | E219: Utworzenie mechanizmu do transferu danych między infrastrukturą Wnioskodawcy a platformami technologicznymi (np. Google Cloud, Microsoft Azure, NVidia AI) | F219: ENDAWA_01 | G219: 0 | H219: 7 | I219: .e01 | J219: 28 | K219: 46393 | L219: 46395 | M219: 29 | N219: 2 | O219: 200 | P219: 0.15 | Q219: 0.15 | R219: 0.15 | S219: 0.15 | T219: 0 | U219: 0 | V219: 0 | W219: 0 | X219: 0 | Y219: 0.4 | Z219: 0 | AA219: 0 | AB219: 0 | AC219: 0 | AD219: 0 | AE219: 0 | AF219: 0 | AG219: 30 | AH219: 30 | AI219: 30 | AJ219: 30 | AK219: 0 | AL219: 0 | AM219: 0 | AN219: 0 | AO219: 0 | AP219: 80 | AQ219: 0 | AR219: 0 | AS219: 0 | AT219: 0 | AU219: 0 | AV219: 0 | AW219: 0 | AX219: 120 | AY219: 0.75 | AZ219: #N/A | BA219: #N/A | BB219: #N/A | BC219: 0 | BD219: 0 | BE219: 0 | BF219: 0 | BG219: 0 | BH219: 0 | BI219: 0 | BJ219: 200 | BK219: 200 | BL219: 0
A220: 3 | B220: a | C220: 1 | D220: .z02_3_a_1 | E220: 3.Opracowanie narzędzi do automatycznego monitorowania, wykrywających anomalie i nieprawidłowości w danych w czasie rzeczywistym, współpracujących z wybraną platformą bazodanową, przeprowadzających automatyczne sprawdzanie kompletności rekordów. Flagowane będą rekordy z brakującymi danymi natychmiast po ich wprowadzeniu/aktualizacji i wysyłane powiadomienia do administratorów, gdy liczba tych rekordów przekroczy próg 10 rekordów. Będą śledzić czas ostatniej aktualizacji każdego rekordu, flagując te, które nie były aktualizowane zgodnie z ustalonym harmonogramem (co 24h i generować odpowiednie alerty. | F220: Imię01 | G220: Nazwisko01 | H220: 8 | I220: .a01 | J220: 30 | K220: 46407 | L220: 46407 | M220: 29 | N220: 0 | O220: 30 | P220: 0.25 | Q220: 0.25 | R220: 0.25 | S220: 0.25 | T220: 0 | U220: 0 | V220: 0 | W220: 0 | X220: 0 | Y220: 0 | Z220: 0 | AA220: 0 | AB220: 0 | AC220: 0 | AD220: 0 | AE220: 0 | AF220: 0 | AG220: 8 | AH220: 8 | AI220: 8 | AJ220: 8 | AK220: 0 | AL220: 0 | AM220: 0 | AN220: 0 | AO220: 0 | AP220: 0 | AQ220: 0 | AR220: 0 | AS220: 0 | AT220: 0 | AU220: 0 | AV220: 0 | AW220: 0 | AX220: 32 | AY220: 0.2 | AZ220: 5001 | BA220: 1000.2 | BB220: 200.04 | BC220: 0 | BD220: 0 | BE220: 0 | BF220: 0 | BG220: 0 | BH220: 0 | BI220: 0 | BJ220: 30 | BK220: 32 | BL220: -2
A221: 4 | B221: a | C221: 0 | D221: .z02_4_a_0 | E221: 4.Połączenie BDP z wybranym systemem AI/ML, co pozwoli na zbadanie potencjału zaawansowanych metod analitycznych AI/ML w celu zwiększenia wydajności procesów magazynowych. | F221: 0 | G221: 0 | H221: 0 | I221: 0 | J221: 30 | K221: 46407 | L221: 46407 | M221: 29 | N221: 0 | O221: 0 | P221: 0 | Q221: 0 | R221: 0 | S221: 0 | T221: 0 | U221: 0 | V221: 0 | W221: 0 | X221: 0 | Y221: 0 | Z221: 0 | AA221: 0 | AB221: 0 | AC221: 0 | AD221: 0 | AE221: 0 | AF221: 0 | AG221: 0 | AH221: 0 | AI221: 0 | AJ221: 0 | AK221: 0 | AL221: 0 | AM221: 0 | AN221: 0 | AO221: 0 | AP221: 0 | AQ221: 0 | AR221: 0 | AS221: 0 | AT221: 0 | AU221: 0 | AV221: 0 | AW221: 0 | AX221: 0 | AY221: 0 | AZ221: 0 | BA221: 0 | BB221: 0 | BC221: 0 | BD221: 0 | BE221: 0 | BF221: 0 | BG221: 0 | BH221: 0 | BI221: 0 | BJ221: 0 | BK221: 0 | BL221: 0
A222: 4 | B222: a | C222: 1 | D222: .z02_4_a_1 | E222: Zaimportowanie BDP w środowisku wybranej platformy AI/ML | F222: Imię04 | G222: Nazwisko04 | H222: 8 | I222: .a04 | J222: 30 | K222: 46407 | L222: 46408 | M222: 30 | N222: 1 | O222: 40 | P222: 0.25 | Q222: 0.25 | R222: 0.25 | S222: 0.25 | T222: 0 | U222: 0 | V222: 0 | W222: 0 | X222: 0 | Y222: 0 | Z222: 0 | AA222: 0 | AB222: 0 | AC222: 0 | AD222: 0 | AE222: 0 | AF222: 0 | AG222: 10 | AH222: 10 | AI222: 10 | AJ222: 10 | AK222: 0 | AL222: 0 | AM222: 0 | AN222: 0 | AO222: 0 | AP222: 0 | AQ222: 0 | AR222: 0 | AS222: 0 | AT222: 0 | AU222: 0 | AV222: 0 | AW222: 0 | AX222: 40 | AY222: 0.25 | AZ222: 5004 | BA222: 1251 | BB222: 312.75 | BC222: 0 | BD222: 0 | BE222: 0 | BF222: 0 | BG222: 0 | BH222: 0 | BI222: 0 | BJ222: 40 | BK222: 40 | BL222: 0
A223: 4 | B223: b | C223: 1 | D223: .z02_4_b_1 | E223: Sprawdzenie i potwierdzenie poprawności zaimplementowanych danych. Określenie zestawu danych testowych i referencyjnych do dalszych analiz | F223: Imię02 | G223: Nazwisko02 | H223: 8 | I223: .a02 | J223: 31 | K223: 46414 | L223: 46415 | M223: 31 | N223: 1 | O223: 40 | P223: 0.25 | Q223: 0.25 | R223: 0.25 | S223: 0.25 | T223: 0 | U223: 0 | V223: 0 | W223: 0 | X223: 0 | Y223: 0 | Z223: 0 | AA223: 0 | AB223: 0 | AC223: 0 | AD223: 0 | AE223: 0 | AF223: 0 | AG223: 10 | AH223: 10 | AI223: 10 | AJ223: 10 | AK223: 0 | AL223: 0 | AM223: 0 | AN223: 0 | AO223: 0 | AP223: 0 | AQ223: 0 | AR223: 0 | AS223: 0 | AT223: 0 | AU223: 0 | AV223: 0 | AW223: 0 | AX223: 40 | AY223: 0.25 | AZ223: 5002 | BA223: 1250.5 | BB223: 312.625 | BC223: 0 | BD223: 0 | BE223: 0 | BF223: 0 | BG223: 0 | BH223: 0 | BI223: 0 | BJ223: 40 | BK223: 40 | BL223: 0
A224: 4 | B224: c | C224: 1 | D224: .z02_4_c_1 | E224: Stworzenie zautomatyzowanego systemu aktualizacji danych BDP zintegrowanej z platformą. | F224: Imię03 | G224: Nazwisko03 | H224: 8 | I224: .a03 | J224: 32 | K224: 46421 | L224: 46422 | M224: 32 | N224: 1 | O224: 80 | P224: 0.25 | Q224: 0.25 | R224: 0.25 | S224: 0.25 | T224: 0 | U224: 0 | V224: 0 | W224: 0 | X224: 0 | Y224: 0 | Z224: 0 | AA224: 0 | AB224: 0 | AC224: 0 | AD224: 0 | AE224: 0 | AF224: 0 | AG224: 20 | AH224: 20 | AI224: 20 | AJ224: 20 | AK224: 0 | AL224: 0 | AM224: 0 | AN224: 0 | AO224: 0 | AP224: 0 | AQ224: 0 | AR224: 0 | AS224: 0 | AT224: 0 | AU224: 0 | AV224: 0 | AW224: 0 | AX224: 80 | AY224: 0.5 | AZ224: 5003 | BA224: 2501.5 | BB224: 1250.75 | BC224: 0 | BD224: 0 | BE224: 0 | BF224: 0 | BG224: 0 | BH224: 0 | BI224: 0 | BJ224: 80 | BK224: 80 | BL224: 0
A225: 5 | B225: a | C225: 1 | D225: .z02_5_a_1 | E225: 5.Opracowanie procedur/strategii bezpieczeństwa i zarządzania BDP | F225: Imię01 | G225: Nazwisko01 | H225: 9 | I225: .a01 | J225: 33 | K225: 46428 | L225: 46428 | M225: 32 | N225: 0 | O225: 20 | P225: 0.25 | Q225: 0.25 | R225: 0.25 | S225: 0.25 | T225: 0 | U225: 0 | V225: 0 | W225: 0 | X225: 0 | Y225: 0 | Z225: 0 | AA225: 0 | AB225: 0 | AC225: 0 | AD225: 0 | AE225: 0 | AF225: 0 | AG225: 5 | AH225: 5 | AI225: 5 | AJ225: 5 | AK225: 0 | AL225: 0 | AM225: 0 | AN225: 0 | AO225: 0 | AP225: 0 | AQ225: 0 | AR225: 0 | AS225: 0 | AT225: 0 | AU225: 0 | AV225: 0 | AW225: 0 | AX225: 20 | AY225: 0.125 | AZ225: 5001 | BA225: 625.125 | BB225: 78.140625 | BC225: 0 | BD225: 0 | BE225: 0 | BF225: 0 | BG225: 0 | BH225: 0 | BI225: 0 | BJ225: 20 | BK225: 20 | BL225: 0
A226: 6 | B226: a | C226: 1 | D226: .z02_6_a_1 | E226: 6.Opracowanie dokumentacji BDP | F226: Imię03 | G226: Nazwisko03 | H226: 10 | I226: .a03 | J226: 33 | K226: 46428 | L226: 46429 | M226: 33 | N226: 1 | O226: 60 | P226: 0.25 | Q226: 0.25 | R226: 0.25 | S226: 0.25 | T226: 0 | U226: 0 | V226: 0 | W226: 0 | X226: 0 | Y226: 0 | Z226: 0 | AA226: 0 | AB226: 0 | AC226: 0 | AD226: 0 | AE226: 0 | AF226: 0 | AG226: 15 | AH226: 15 | AI226: 15 | AJ226: 15 | AK226: 0 | AL226: 0 | AM226: 0 | AN226: 0 | AO226: 0 | AP226: 0 | AQ226: 0 | AR226: 0 | AS226: 0 | AT226: 0 | AU226: 0 | AV226: 0 | AW226: 0 | AX226: 60 | AY226: 0.375 | AZ226: 5003 | BA226: 1876.125 | BB226: 703.54688 | BC226: 0 | BD226: 0 | BE226: 0 | BF226: 0 | BG226: 0 | BH226: 0 | BI226: 0 | BJ226: 60 | BK226: 60 | BL226: 0
A227: .z02 | BJ227: 0 | BK227: 0 | BL227: 0
A228: .z02 | BJ228: 0 | BK228: 0 | BL228: 0
A229: .z02 | BJ229: 0 | BK229: 0 | BL229: 0
A230: .z02 | BJ230: 0 | BK230: 0 | BL230: 0
A231: .z02 | BJ231: 0 | BK231: 0 | BL231: 0
A232: .z02 | BJ232: 0 | BK232: 0 | BL232: 0
A233: .z02 | BJ233: 0 | BK233: 0 | BL233: 0
A234: .z02 | BJ234: 0 | BK234: 0 | BL234: 0
A235: .z02 | BJ235: 0 | BK235: 0 | BL235: 0
A236: .z02 | BJ236: 0 | BK236: 0 | BL236: 0
A237: .z02 | BJ237: 0 | BK237: 0 | BL237: 0
A238: .z02 | BJ238: 0 | BK238: 0 | BL238: 0
... A298: .z02 | BJ298: 0 | BK298: 0 | BL298: 0
A299: 1 | BJ299: 0 | BK299: 0 | BL299: 0 | BM299: 0
A300: .z03 | E300: Zadanie_III : Opracowanie inteligentnego matematycznego modelu pakowania towarów (PT) z wykorzystaniem mechanizmów AI i ML | BJ300: 0 | BK300: 0 | BL300: 0 | BM300: 0
A301: 1 | B301: a | C301: 0 | D301: .z03_1_a_0 | E301: 1.Identyfikacja, analiza i mapowanie procesu pakowania towarów (PT | F301: 0 | G301: 0 | H301: 0 | I301: ACT | J301: 0 | M301: 0 | N301: 0 | O301: 0 | P301: 0 | Q301: 0 | R301: 0 | S301: 0 | T301: 0 | U301: 0 | V301: 0 | W301: 0 | X301: 0 | Y301: 0 | Z301: 0 | AA301: 0 | AB301: 0 | AC301: 0 | AD301: 0 | AE301: 0 | AF301: 0 | AG301: 0 | AH301: 0 | AI301: 0 | AJ301: 0 | AK301: 0 | AL301: 0 | AM301: 0 | AN301: 0 | AO301: 0 | AP301: 0 | AQ301: 0 | AR301: 0 | AS301: 0 | AT301: 0 | AU301: 0 | AV301: 0 | AW301: 0 | AX301: 0 | AY301: 0 | AZ301: 0 | BA301: 0 | BB301: 0 | BC301: 0 | BD301: 0 | BE301: 0 | BF301: 0 | BG301: 0 | BH301: 0 | BI301: 0 | BJ301: 0 | BK301: 0 | BL301: 0
A302: 1 | B302: a | C302: 1 | D302: .z03_1_a_1 | E302: Identyfikacja i analiza kluczowych etapów PT i ich interakcji | F302: Imię01 | G302: Nazwisko01 | H302: 1 | I302: .a01 | J302: 34 | K302: 46435 | L302: 46441 | M302: 39 | N302: 6 | O302: 120 | P302: 1 | Q302: 0 | R302: 0 | S302: 0 | T302: 0 | U302: 0 | V302: 0 | W302: 0 | X302: 0 | Y302: 0 | Z302: 0 | AA302: 0 | AB302: 0 | AC302: 0 | AD302: 0 | AE302: 0 | AF302: 0 | AG302: 120 | AH302: 0 | AI302: 0 | AJ302: 0 | AK302: 0 | AL302: 0 | AM302: 0 | AN302: 0 | AO302: 0 | AP302: 0 | AQ302: 0 | AR302: 0 | AS302: 0 | AT302: 0 | AU302: 0 | AV302: 0 | AW302: 0 | AX302: 120 | AY302: 0.75 | AZ302: 5001 | BA302: 3750.75 | BB302: 2813.0625 | BC302: 0 | BD302: 0 | BE302: 0 | BF302: 0 | BG302: 0 | BH302: 0 | BI302: 0 | BJ302: 120 | BK302: 120 | BL302: 0
A303: 1 | B303: b | C303: 1 | D303: .z03_1_b_1 | E303: Określenie wskaźników KPI do oceny efektywności symulacji | F303: Imię02 | G303: Nazwisko02 | H303: 1 | I303: .a02 | J303: 40 | K303: 46477 | L303: 46477 | M303: 39 | N303: 0 | O303: 120 | P303: 0 | Q303: 1 | R303: 0 | S303: 0 | T303: 0 | U303: 0 | V303: 0 | W303: 0 | X303: 0 | Y303: 0 | Z303: 0 | AA303: 0 | AB303: 0 | AC303: 0 | AD303: 0 | AE303: 0 | AF303: 0 | AG303: 0 | AH303: 120 | AI303: 0 | AJ303: 0 | AK303: 0 | AL303: 0 | AM303: 0 | AN303: 0 | AO303: 0 | AP303: 0 | AQ303: 0 | AR303: 0 | AS303: 0 | AT303: 0 | AU303: 0 | AV303: 0 | AW303: 0 | AX303: 120 | AY303: 0.75 | AZ303: 5002 | BA303: 3751.5 | BB303: 2813.625 | BC303: 0 | BD303: 0 | BE303: 0 | BF303: 0 | BG303: 0 | BH303: 0 | BI303: 0 | BJ303: 120 | BK303: 120 | BL303: 0
...

Sheet Listy
A1: .a01 | B1: Imię01 | C1: Nazwisko01 | D1: Janusz Strzelecki | E1: =ROUND(F1*H1*G1,2) | F1: 5001 | G1: 0.5 | H1: 1.43 | J1: Arkusz zablokowany - bez hasła | P1: KodZatr | Q1: Lp. | R1: Imię i nazwisko | S1: Typ zatrudnienia | T1: ilość godzin per m-c | U1: ilość godzin per Tyg. | V1: rola1 | AA1: T= | AB1: h=
A2: .a02 | B2: Imię02 | C2: Nazwisko02 | D2: Mariusz Cegliński | E2: =ROUND(F2*H2*G2,2) | F2: 5002 | G2: 0.5 | H2: 1.43 | P2: .b01 | Q2: 1. | R2: Janusz Strzelecki | S2: B2B | T2: 80 | U2: =T2/4 | V2: Analityk/Programista | X2: ACT Analityk Danych01
A3: .a03 | B3: Imię03 | C3: Nazwisko03 | D3: Wojciech Mazur | E3: =ROUND(F3*H3*G3,2) | F3: 5003 | G3: 0.5 | H3: 1.43 | P3: .b02 | Q3: 2. | R3: Mariusz Cegliński | S3: B2B | T3: 80 | U3: =T3/4 | V3: Analityk/Programista | X3: ACT Analityk Danych02
A4: .a04 | B4: Imię04 | C4: Nazwisko04 | D4: Tomasz Grzegorek | E4: =ROUND(F4*H4*G4,2) | F4: 5004 | G4: 0.5 | H4: 1.43 | P4: .b03 | Q4: 3. | R4: Wojciech Mazur | S4: UP | T4: 80 | U4: =T4/4 | V4: Analityk/Programista | X4: ACT Analityk Danych03
A5: .a05 | B5: Imię05 | C5: Nazwisko05 | D5: Sebastian Kaczmar | E5: =ROUND(F5*H5*G5,2) | F5: 5005 | G5: 0.5 | H5: 1.43 | Q5: 4. | R5: Tomasz Grzegorek | S5: UP | T5: 80 | U5: =T5/4 | V5: Analityk/Programista | X5: ACT Analityk Danych04
A6: .a06 | B6: Imię06 | C6: Nazwisko06 | D6: Dorota Duży | E6: =ROUND(F6*H6*G6,2) | F6: 5006 | G6: 0.5 | H6: 1.43 | Q6: 5. | R6: Sebastian Kaczmar | S6: UP | T6: 80 | U6: =T6/4 | X6: ACT Analityk Danych05
A7: .a07 | B7: Imię07 | C7: Nazwisko07 | D7: Dariusz Gąsior | E7: =ROUND(F7*H7*G7,2) | F7: 5007 | G7: 0.5 | H7: 1.43 | Q7: 6. | R7: Dorota Duży | S7: UP | T7: 80 | U7: =T7/4 | X7: ACT Analityk Danych06
A8: .a08 | B8: Imię08 | C8: Nazwisko08 | D8: Prog_8 | E8: =ROUND(F8*H8*G8,2) | F8: 5008 | G8: 0.5 | H8: 1.43 | Q8: 7. | R8: Dariusz Gąsior | S8: B2B/Kontrakt men. | T8: 80 | U8: =T8/4 | V8: Analityk/Programista | X8: ACT Analityk Danych07
A9: .a09 | B9: Imię09 | C9: Nazwisko09 | D9: Prog_9 | E9: =ROUND(F9*H9*G9,2) | F9: 5009 | G9: 0.5 | H9: 1.43 | Q9: 8. | R9: Prog_8 | T9: 80 | U9: =T9/4 | X9: ACT Analityk Danych08
A10: B_2_B Action | B10: Firma | D10: Rola w projekcie | E10: Netto | Q10: 9. | R10: Prog_9 | T10: 80 | U10: =T10/4 | X10: ACT Analityk Danych09
A11: .b01 | B11: B2B_Janusz
A12: .b02 | B12: B2B_Mariusz | Q12: 10. | R12: Andrzej Walasek | T12: 20 | U12: =T12/4
A13: .b03 | B13: B2B_Dariusz | Q13: 11. | R13: Włodzimierz Ossowski | T13: 10 | U13: =T13/4
A14: .b04 | B14: B2B_4 | Q14: 12. | R14: Obsada magazynu | S14: UP | T14: prace weekendowe | V14: W trakcie testów/ilość osób do ustalenia z Sebastianem Stępniewskim
A15: .b05 | B15: B2B_5 | Q15: 13. | R15: Sebastian Stępniewski | S15: UP | T15: 10 | U15: =T15/4
A16: .b06 | B16: B2B_6
A17: .b07 | B17: B2B_7 | S17: UP
A18: .b08 | B18: B2B_8 | S18: UP
A19: .b09 | B19: B2B_9
A20: ENDAWA | B20: Firma | D20: Rola w projekcie | E20: Netto | T20: 176 | U20: średnia ilość godzin w miesiącu
A21: .e01 | B21: ENDAWA_01 | D21: END Analityk Danych/ Inżynier ML 1 | T21: 40 | U21: =T20/T21
A22: .e02 | B22: ENDAWA_02 | D22: END Analityk Danych/ Inżynier ML 2
A23: .e03 | B23: ENDAWA_03 | D23: END Analityk Danych/ Inżynier ML 3
A24: .e04 | B24: ENDAWA_04 | D24: END Inż. Automatyzacji | Q24: 1 | S24: =Q24*6
A25: .e05 | B25: ENDAWA_05 | D25: Analityk_END_05 | Q25: 2 | S25: =Q25*6
A26: .e06 | B26: ENDAWA_06 | D26: Analityk_END_06 | Q26: 3 | S26: =Q26*6
A27: .e07 | B27: ENDAWA_07 | D27: Analityk_END_07 | Q27: 4 | S27: =Q27*6
A28: .e08 | B28: ENDAWA_08 | D28: Analityk_END_08 | Q28: 5 | R28: =U$2*Q28 | S28: =Q28*6
A29: .e09 | B29: ENDAWA_09 | D29: Analityk_END_09 | Q29: 6 | R29: =U$2*Q29 | S29: =Q29*6
A30: AGH Kraków | B30: Firma | D30: Rola w projekcie | E30: Netto | Q30: 7 | R30: =U$2*Q30 | S30: =Q30*6
A31: .g01 | B31: AGH_01 | D31: AGH - Profesor (max 50% etatu) | Q31: 8 | R31: =U$2*Q31 | S31: =Q31*6
A32: .g02 | B32: AGH_02 | D32: AGH - Pracownik naukowy 1 (max 50% etatu) | Q32: 9 | R32: =U$2*Q32 | S32: =Q32*6
A33: .g03 | B33: AGH_03 | D33: AGH Pracownik nukowy 2 (max 50% etatu) | Q33: 10 | R33: =U$2*Q33
A34: .g04 | B34: AGH_04 | D34: AGH Pracownik naukowy 3 (max 50% etatu) | Q34: 11
A35: .g05 | B35: AGH_05 | D35: Analityk_AGH_05
A36: .g06 | B36: AGH_06 | D36: Analityk_AGH_06
A37: .g07 | B37: AGH_07 | D37: Analityk_AGH_07
A38: .g08 | B38: AGH_08 | D38: Analityk_AGH_08
A39: .g09 | B39: AGH_09 | D39: Analityk_AGH_09
A71: ZADANIA GŁÓWNE | C71: aktualne | K71: =Karta!M2 | L71: =Karta!N2 | M71: =Karta!O2 | W71: było
A72: .z01 | B72: Zadanie_I | C72: Opracowanie autorskiej, kompleksowej, jednorodnej, standaryzowanej, skalowalnej wzorcowej bazy danych (WBD) procesów magazynowych, gotowej do analiz i procesowania w kolejnych elementach technologii inteligentnej platformy ICT, na potrzeby optymalizacji procesu przygotowywania i realizacji zamówień z wykorzystaniem mechanizmów AI i ML | K72: =I_Wzorcowa_BD!M$1 | L72: =I_Wzorcowa_BD!N$1 | M72: =I_Wzorcowa_BD!O$1 | N72: start | W72: Opracowanie autorskiej, kompleksowej, jednorodnej, standaryzowanej, skalowalnej wzorcowej bazy danych (WBD) procesów magazynowych, gotowej do analiz i procesowania w kolejnych elementach technologii inteligentnej platformy ICT, na potrzeby optymalizacji procesu przygotowywania i realizacji zamówień z wykorzystaniem mechanizmów AI i ML
A73: .z02 | B73: Zadanie_II | C73: Opracowanie autorskiej bazy danych dla procesu pakowania (BDP) z wykorzystaniem mechanizmów AI i ML | K73: =II_Baza_BDP!M1 | L73: =II_Baza_BDP!N1 | M73: =II_Baza_BDP!O1 | N73: razem z01 | W73: Opracowanie autorskiej bazy danych dla procesu pakowania (BDP) z wykorzystaniem mechanizmów AI i ML
A74: .z03 | B74: Zadanie_III | C74: Opracowanie inteligentnego matematycznego modelu pakowania towarów (PT) z wykorzystaniem mechanizmów AI i ML | K74: =III_Model_PT!M1 | L74: =III_Model_PT!N1 | M74: =III_Model_PT!O1 | W74: Opracowanie autorskiej bazy danych dla procesu kompletacji zamówień (BDKZ) z wykorzystaniem mechanizmów AI i ML
A75: .z04 | B75: Zadanie_IV | C75: Opracowanie autorskiej bazy danych dla procesu cyfrowego bliźniaka (BDCB) z wykorzystaniem mechanizmów AI i ML | K75: =IV_Baza_BDCB!M1 | L75: =IV_Baza_BDCB!N1 | M75: =IV_Baza_BDCB!O1 | W75: Opracowanie autorskiej bazy danych dla magazynu wysokiego składowania (BDMWS) z wykorzystaniem mechanizmów AI i ML
A76: .z05 | B76: Zadanie_V | C76: Opracowanie cyfrowego bliźniaka do symulacji procesów magazynowych | K76: =V_Model_CB!M1 | L76: =V_Model_CB!N1 | M76: =V_Model_CB!O1 | W76: Opracowanie autorskiej bazy danych dla procesu cyfrowego bliźniaka (BDCB) z wykorzystaniem mechanizmów AI i ML
A77: .z06 | B77: Zadanie_VI | C77: Opracowanie autorskiej bazy danych dla procesu kompletacji zamówień (BDKZ) z wykorzystaniem mechanizmów AI i ML | K77: =VI_Baza_BDKZ!M1 | L77: =VI_Baza_BDKZ!N1 | M77: =VI_Baza_BDKZ!O1 | W77: Opracowanie inteligentnego matematycznego modelu pakowania towarów (PT) z wykorzystaniem mechanizmów AI i ML
A78: .z07 | B78: Zadanie_VII | C78: Opracowanie inteligentnego matematycznego modelu procesu kompletacji zamówień (PKZ) z wykorzystaniem mechanizmów AI i ML | K78: =VII_Model_PKZ!M1 | L78: =VII_Model_PKZ!N1 | M78: =VII_Model_PKZ!O1 | W78: Opracowanie inteligentnego matematycznego modelu procesu kompletacji zamówień (PKZ) z wykorzystaniem mechanizmów AI i ML
A79: .z08 | B79: Zadanie_VIII | C79: Opracowanie autorskiej bazy danych dla magazynu wysokiego składowania (BDMWS) z wykorzystaniem mechanizmów AI i ML | K79: =VIII_Baza_BDWMS!M1 | L79: =VIII_Baza_BDWMS!N1 | M79: =VIII_Baza_BDWMS!O1 | W79: Opracowanie matematycznego modelu operacji w magazynie wysokiego składowania (MWS) z wykorzystaniem mechanizmów AI i ML
A80: .z09 | B80: Zadanie_IX | C80: Opracowanie matematycznego modelu operacji w magazynie wysokiego składowania (MWS) z wykorzystaniem mechanizmów AI i ML | K80: =IX_Model_MWS!M1 | L80: =IX_Model_MWS!N1 | M80: =IX_Model_MWS!O1 | W80: Opracowanie cyfrowego bliźniaka do symulacji procesów magazynowych
A81: .z10 | B81: Zadanie_X | C81: Opracowanie inteligentnej platformy ICT w procesach pakowania, kompletacji i obsługi MWS, dla wybranych grup towarowych w magazynie Wnioskodawcy | K81: =X_Platf_WMS!M1 | L81: =X_Platf_WMS!N1 | M81: =X_Platf_WMS!O1 | W81: Opracowanie inteligentnej platformy ICT w procesach pakowania, kompletacji i obsługi MWS, dla wybranych grup towarowych w magazynie Wnioskodawcy
A82: .z11 | B82: Zadanie_XI | C82: Wdrożenie inteligentnej platformy ICT w procesach pakowania, kompletacji i obsługi MWS, dla wybranych grup towarowych w magazynie Wnioskodawcy | K82: =XI_Wdrożenie!M1 | L82: =XI_Wdrożenie!N1 | M82: =XI_Wdrożenie!O1 | W82: Wdrożenie inteligentnej platformy ICT w procesach pakowania, kompletacji i obsługi MWS, dla wybranych grup towarowych w magazynie Wnioskodawcy
A83: .z12 | B83: Zadanie_XII | C83: Zielono mi i spokojnie ;)
M84: =SUM(M72:M83)
A100: Miesiąc realizacji projektu (przewidywany okres = 30 miesięcy)
A101: .t001 | B101: 46235
A102: .t002 | B102: 46266
A103: .t003 | B103: 46296
A104: .t004 | B104: 46327
A105: .t005 | B105: 46357
A106: .t006 | B106: 46388
A107: .t007 | B107: 46419
A108: .t008 | B108: 46447
A109: .t009 | B109: 46478
A110: .t010 | B110: 46508
A111: .t011 | B111: 46478
A112: .t012 | B112: 46508
... A130: .t030 | B130: 47058

Sheet Schemat
A1: Schemat | C1: OsobyACT=9 | K1: 46388 | L1: Start | O1: Ochrona bez hasła
E2: 10
B3: OsobyACT=4 | E3: 11 | H3: 11 | K3: OsobyACT=5
B4: T=9 | H4: 16 | K4: T=6 | N4: Warunek:
E5: 19 | N5: Program musi zakończyć się we wrześniu 2029 bez względu kiedy się zacznie !!!
H6: 17
B7: =$B$3 | E7: 20 | K7: =$K$3
B8: T=20 | E8: 39 | K8: T=32
B10: =$B$3 | E10: 40 | H10: 48
B11: T=10 | E11: 49
H12: 49 | K12: =$K$3
E13: 50 | H13: 55 | K13: T=7
B14: =$B$3
B15: T=37 | H15: 56
E17: 86 | K17: =$K$3
H18: 97 | K18: T=42
E19: 87
C20: OsobyACT=6
C21: T=42
E22: 128
D23: OsobyACT=6
D24: T=14 | I24: 142 | K24: 47389 | L24: The End :)

Sheet I_Wzorcowa_BD
E1: HARMONOGRAM SKOMPRESOWANY v1 | 01.01.2027 – 28.09.2029 | Kompresja −40% per zadanie | Endava +5 etatów | AGH +4 etatów | J1: 1 | M1: =MAX(M3:M9999) | N1: =SUM(N$4:N$999) | O1: =SUM(O$4:O$999) | P1: =AG1 | Q1: =AH1 | R1: =AI1 | S1: =AJ1 | T1: =AK1 | U1: =AL1 | V1: =AM1 | W1: =AN1 | ... AF1: =AW1 | AG1: =Listy!$AB$1 & MAX(AG$3:AG99) | AH1: =Listy!$AB$1 & MAX(AH$3:AH99) | AI1: =Listy!$AB$1 & MAX(AI$3:AI99) | AJ1: =Listy!$AB$1 & MAX(AJ$3:AJ99) | AK1: =Listy!$AB$1 & MAX(AK$3:AK99) | AL1: =Listy!$AB$1 & MAX(AL$3:AL99) | AM1: =Listy!$AB$1 & MAX(AM$3:AM99) | AN1: =Listy!$AB$1 & MAX(AN$3:AN99) | ... AW1: =Listy!$AB$1 & MAX(AW$3:AW99)
A2: =Karta!A2 | B2: =Karta!B2 | C2: =Karta!C2 | D2: =Karta!D2 | E2: =Karta!E2 | F2: =Karta!F2 | G2: =Karta!G2 | H2: =Karta!H2 | ... AB2: =Karta!AB2 | AC2: =Karta!AG2 | AD2: =Karta!AH2 | AE2: =Karta!AI2 | AF2: =Karta!AJ2 | AG2: =Karta!AL2 | AH2: =Karta!AM2 | AI2: =Karta!AN2 | AJ2: =Karta!AO2 | AK2: =Karta!AP2 | AL2: =Karta!AQ2 | AM2: =Karta!AR2 | AN2: =Karta!AS2 | ... AS2: =Karta!AX2 | AT2: =Karta!BC2 | AU2: =Karta!BD2 | AV2: =Karta!BE2 | AW2: =Karta!BF2 | AX2: =Karta!BH2 | AY2: =Karta!BI2 | AZ2: =Karta!BJ2 | BA2: =Karta!BK2 | BB2: =Karta!BL2 | BC2: =Karta!BM2 | BD2: =Karta!BN2 | BE2: =Karta!BO2 | ... CE2: =Karta!CO2
A3: .z01 | E3: =VLOOKUP(A3,Listy!A:C,2,FALSE) & " : " & VLOOKUP(A3,Listy!A:C,3,FALSE)
A4: 1 | B4: a | C4: -1 | D4: =CONCATENATE(A$3,"_",A4,"_",B4,"_",C4) | E4: 1.Opracowanie koncepcji standaryzowanej wzorcowej bazy danych | G4: ACT | I4: ACT
A5: 1 | B5: a | C5: 0 | D5: =CONCATENATE(A$3,"_",A5,"_",B5,"_",C5) | E5: 1.a.Projektowanie struktury bazy danych, która zapewni jej wydajność, spójność i skalowalność | J5: 1 | K5: =VLOOKUP(J5,Kalendarz!B:E,4,FALSE) | L5: =K5+N5 | M5: =J5+N5-1 | N5: 0
A6: 1 | B6: a | C6: 1 | D6: =CONCATENATE(A$3,"_",A6,"_",B6,"_",C6) | E6: Opracowanie logicznego i fizycznego modelu bazy danych, uwzględniającego wszystkie kluczowe elementy (np. tabele, relacje, indeksy i klucze) | F6: =IFERROR(VLOOKUP($I6,Listy!$A:$H,2,FALSE),"XXX") | G6: ACT | H6: 1 | I6: .a02 | J6: =M5+1 | K6: =VLOOKUP(J6,Kalendarz!B:E,4,FALSE) | L6: =K6+N6 | M6: =J6+N6-1 | N6: 1 | O6: 320 | P6: 0.25 | Q6: 0.25 | R6: 0.25 | S6: 0.25 | T6: 0 | U6: 0 | V6: 0 | W6: 0 | X6: 0 | Y6: 0 | Z6: 0 | AA6: 0 | AB6: 0 | AG6: =ROUND($O6*P6,0) | AH6: =ROUND($O6*Q6,0) | AI6: =ROUND($O6*R6,0) | AJ6: =ROUND($O6*S6,0) | AK6: =ROUND($O6*T6,0) | AL6: =ROUND($O6*U6,0) | AM6: =ROUND($O6*V6,0) | AN6: =ROUND($O6*W6,0) | ... AW6: =ROUND($O6*AF6,0) | AX6: =SUM(AG6:AO6) | AY6: =AX6/160 | AZ6: =VLOOKUP(I6,Listy!$A$1:$H$9,6,FALSE) | BA6: =AY6*AZ6 | BB6: =AY6*BA6 | BI6: =BG6*BH6 | BW6: =BU6*BV6 | CA6: =BY6*BZ6 | CE6: =CC6*CD6
A7: 1 | B7: a | C7: 2 | D7: =CONCATENATE(A$3,"_",A7,"_",B7,"_",C7) | E7: Opracowanie architektury systemu, zapewniającą obsługę rosnącej ilości danych celem szybkiego i efektywnego ich przetwarzania | F7: =IFERROR(VLOOKUP($I7,Listy!$A:$H,2,FALSE),"XXX") | G7: ACT | H7: 1 | I7: .a03 | J7: =M6+1 | K7: =VLOOKUP(J7,Kalendarz!B:E,4,FALSE) | L7: =K7+N7 | M7: =J7+N7-1 | N7: 1 | O7: 40 | P7: 0.25 | Q7: 0.25 | R7: 0.25 | S7: 0.25 | T7: 0 | U7: 0 | V7: 0 | W7: 0 | X7: 0 | Y7: 0 | Z7: 0 | AA7: 0 | AB7: 0 | AG7: =ROUND($O7*P7,0) | AH7: =ROUND($O7*Q7,0) | AI7: =ROUND($O7*R7,0) | AJ7: =ROUND($O7*S7,0) | AK7: =ROUND($O7*T7,0) | AL7: =ROUND($O7*U7,0) | AM7: =ROUND($O7*V7,0) | AN7: =ROUND($O7*W7,0) | ... AW7: =ROUND($O7*AF7,0) | AX7: =SUM(AG7:AO7) | AY7: =AX7/160 | AZ7: =VLOOKUP(I7,Listy!$A$1:$H$9,6,FALSE) | BA7: =AY7*AZ7 | BB7: =AY7*BA7 | BI7: =BG7*BH7 | BW7: =BU7*BV7 | CA7: =BY7*BZ7 | CE7: =CC7*CD7
A8: 1 | B8: a | C8: 3 | D8: =CONCATENATE(A$3,"_",A8,"_",B8,"_",C8) | E8: Opracowanie mechanizmów do administrowania, eksploatacji i monitorowania bazy danych oraz współpracy z modułami planowanej platformy ICT | F8: =IFERROR(VLOOKUP($I8,Listy!$A:$H,2,FALSE),"XXX") | G8: ACT | H8: 1 | I8: .a01 | J8: =M7+1 | K8: =VLOOKUP(J8,Kalendarz!B:E,4,FALSE) | L8: =K8+N8 | M8: =J8+N8-1 | N8: 0 | O8: 40 | P8: 0.25 | Q8: 0.25 | R8: 0.25 | S8: 0.25 | T8: 0 | U8: 0 | V8: 0 | W8: 0 | X8: 0 | Y8: 0 | Z8: 0 | AA8: 0 | AB8: 0 | AG8: =ROUND($O8*P8,0) | AH8: =ROUND($O8*Q8,0) | AI8: =ROUND($O8*R8,0) | AJ8: =ROUND($O8*S8,0) | AK8: =ROUND($O8*T8,0) | AL8: =ROUND($O8*U8,0) | AM8: =ROUND($O8*V8,0) | AN8: =ROUND($O8*W8,0) | ... AW8: =ROUND($O8*AF8,0) | AX8: =SUM(AG8:AO8) | AY8: =AX8/160 | AZ8: =VLOOKUP(I8,Listy!$A$1:$H$9,6,FALSE) | BA8: =AY8*AZ8 | BB8: =AY8*BA8 | BI8: =BG8*BH8 | BW8: =BU8*BV8 | CA8: =BY8*BZ8 | CE8: =CC8*CD8
A9: 1 | B9: a | C9: 4 | D9: =CONCATENATE(A$3,"_",A9,"_",B9,"_",C9) | E9: Testowanie, walidacja i optymalizacja projektu struktury bazy danych | F9: =IFERROR(VLOOKUP($I9,Listy!$A:$H,2,FALSE),"XXX") | G9: ACT | H9: 1 | I9: .a03 | J9: =M8+1 | K9: =VLOOKUP(J9,Kalendarz!B:E,4,FALSE) | L9: =K9+N9 | M9: =J9+N9-1 | N9: 1 | O9: 40 | P9: 0.25 | Q9: 0.25 | R9: 0.25 | S9: 0.25 | T9: 0 | U9: 0 | V9: 0 | W9: 0 | X9: 0 | Y9: 0 | Z9: 0 | AA9: 0 | AB9: 0 | AG9: =ROUND($O9*P9,0) | AH9: =ROUND($O9*Q9,0) | AI9: =ROUND($O9*R9,0) | AJ9: =ROUND($O9*S9,0) | AK9: =ROUND($O9*T9,0) | AL9: =ROUND($O9*U9,0) | AM9: =ROUND($O9*V9,0) | AN9: =ROUND($O9*W9,0) | ... AW9: =ROUND($O9*AF9,0) | AX9: =SUM(AG9:AO9) | AY9: =AX9/160 | AZ9: =VLOOKUP(I9,Listy!$A$1:$H$9,6,FALSE) | BA9: =AY9*AZ9 | BB9: =AY9*BA9 | BI9: =BG9*BH9 | BW9: =BU9*BV9 | CA9: =BY9*BZ9 | CE9: =CC9*CD9
A10: 1 | B10: b | C10: 0 | D10: =CONCATENATE(A$3,"_",A10,"_",B10,"_",C10) | E10: 1.b.Zbieranie i przygotowanie danych w celu uzyskania pełnego obrazu operacji w magazynie i umożliwienia kompleksowych analiz | J10: 1 | K10: =VLOOKUP(J10,Kalendarz!B:E,4,FALSE) | L10: =K10+N10 | M10: =J10+N10-1 | N10: =ROUND(MAX(AG10:AO10)/Listy!$U$2,0)
A11: 1 | B11: b | C11: 1 | D11: =CONCATENATE(A$3,"_",A11,"_",B11,"_",C11) | E11: Stworzenie procedur zbierania, analizy i przetwarzania danych | F11: =IFERROR(VLOOKUP($I11,Listy!$A:$H,2,FALSE),"XXX") | G11: ACT | H11: 1 | I11: .a02 | J11: =M10+1 | K11: =VLOOKUP(J11,Kalendarz!B:E,4,FALSE) | L11: =K11+N11 | M11: =J11+N11-1 | N11: 1 | O11: 90 | P11: 0 | Q11: 0 | R11: 0 | S11: 0 | T11: 0.2 | U11: 0.2 | V11: 0.2 | W11: 0.2 | X11: 0.2 | Y11: 0 | AG11: =ROUND($O11*P11,0) | AH11: =ROUND($O11*Q11,0) | AI11: =ROUND($O11*R11,0) | AJ11: =ROUND($O11*S11,0) | AK11: =ROUND($O11*T11,0) | AL11: =ROUND($O11*U11,0) | AM11: =ROUND($O11*V11,0) | AN11: =ROUND($O11*W11,0) | ... AW11: =ROUND($O11*AF11,0) | AX11: =SUM(AG11:AO11) | AY11: =AX11/160 | AZ11: =VLOOKUP(I11,Listy!$A$1:$H$9,6,FALSE) | BA11: =AY11*AZ11 | BB11: =AY11*BA11 | BI11: =BG11*BH11 | BW11: =BU11*BV11 | CA11: =BY11*BZ11 | CE11: =CC11*CD11
A12: 1 | B12: b | C12: 2 | D12: =CONCATENATE(A$3,"_",A12,"_",B12,"_",C12) | E12: Pozyskanie danych z różnych źródeł, np. systemy WMS, ERP | F12: =IFERROR(VLOOKUP($I12,Listy!$A:$H,2,FALSE),"XXX") | G12: ACT | H12: 1 | I12: .a01 | J12: =M11+1 | K12: =VLOOKUP(J12,Kalendarz!B:E,4,FALSE) | L12: =K12+N12 | M12: =J12+N12-1 | N12: 1 | O12: 160 | P12: 0 | Q12: 0 | R12: 0 | S12: 0 | T12: 0.2 | U12: 0.2 | V12: 0.2 | W12: 0.2 | X12: 0.2 | Y12: 0 | AG12: =ROUND($O12*P12,0) | AH12: =ROUND($O12*Q12,0) | AI12: =ROUND($O12*R12,0) | AJ12: =ROUND($O12*S12,0) | AK12: =ROUND($O12*T12,0) | AL12: =ROUND($O12*U12,0) | AM12: =ROUND($O12*V12,0) | AN12: =ROUND($O12*W12,0) | ... AW12: =ROUND($O12*AF12,0) | AX12: =SUM(AG12:AO12) | AY12: =AX12/160 | AZ12: =VLOOKUP(I12,Listy!$A$1:$H$9,6,FALSE) | BA12: =AY12*AZ12 | BB12: =AY12*BA12 | BI12: =BG12*BH12 | BW12: =BU12*BV12 | CA12: =BY12*BZ12 | CE12: =CC12*CD12
A13: 1 | B13: b | C13: 3 | D13: =CONCATENATE(A$3,"_",A13,"_",B13,"_",C13) | E13: Identyfikacja aktualnie przypisywanych atrybutów do rekordów/obiektów w WMS/ERP | F13: =IFERROR(VLOOKUP($I13,Listy!$A:$H,2,FALSE),"XXX") | G13: ACT | H13: 1 | I13: .a02 | J13: =M12+1 | K13: =VLOOKUP(J13,Kalendarz!B:E,4,FALSE) | L13: =K13+N13 | M13: =J13+N13-1 | N13: 1 | O13: 120 | P13: 0 | Q13: 0 | R13: 0 | S13: 0 | T13: 0.2 | U13: 0.2 | V13: 0.2 | W13: 0.2 | X13: 0.2 | Y13: 0 | AG13: =ROUND($O13*P13,0) | AH13: =ROUND($O13*Q13,0) | AI13: =ROUND($O13*R13,0) | AJ13: =ROUND($O13*S13,0) | AK13: =ROUND($O13*T13,0) | AL13: =ROUND($O13*U13,0) | AM13: =ROUND($O13*V13,0) | AN13: =ROUND($O13*W13,0) | ... AW13: =ROUND($O13*AF13,0) | AX13: =SUM(AG13:AO13) | AY13: =AX13/160 | AZ13: =VLOOKUP(I13,Listy!$A$1:$H$9,6,FALSE) | BA13: =AY13*AZ13 | BB13: =AY13*BA13 | BI13: =BG13*BH13 | BW13: =BU13*BV13 | CA13: =BY13*BZ13 | CE13: =CC13*CD13
A14: 1 | B14: b | C14: 4 | D14: =CONCATENATE(A$3,"_",A14,"_",B14,"_",C14) | E14: Opracowanie założeń modeli, schematów, organizacji i prezentacji danych wejściowych | F14: =IFERROR(VLOOKUP($I14,Listy!$A:$H,2,FALSE),"XXX") | G14: ACT | H14: 1 | I14: .a03 | J14: =M13+1 | K14: =VLOOKUP(J14,Kalendarz!B:E,4,FALSE) | L14: =K14+N14 | M14: =J14+N14-1 | N14: 1 | O14: 180 | P14: 0 | Q14: 0 | R14: 0 | S14: 0 | T14: 0.2 | U14: 0.2 | V14: 0.2 | W14: 0.2 | X14: 0.2 | Y14: 0 | AG14: =ROUND($O14*P14,0) | AH14: =ROUND($O14*Q14,0) | AI14: =ROUND($O14*R14,0) | AJ14: =ROUND($O14*S14,0) | AK14: =ROUND($O14*T14,0) | AL14: =ROUND($O14*U14,0) | AM14: =ROUND($O14*V14,0) | AN14: =ROUND($O14*W14,0) | ... AW14: =ROUND($O14*AF14,0) | AX14: =SUM(AG14:AO14) | AY14: =AX14/160 | AZ14: =VLOOKUP(I14,Listy!$A$1:$H$9,6,FALSE) | BA14: =AY14*AZ14 | BB14: =AY14*BA14 | BI14: =BG14*BH14 | BW14: =BU14*BV14 | CA14: =BY14*BZ14 | CE14: =CC14*CD14
A15: 1 | B15: c | C15: 1 | D15: =CONCATENATE(A$3,"_",A15,"_",B15,"_",C15) | E15: Zgromadzenie danych historycznych (ostatnie 3 lata), dot. procesów omawianych w ramach niniejszego projektu | G15: ACT | H15: 2 | I15: .a01 | J15: =M14+1 | K15: =VLOOKUP(J15,Kalendarz!B:E,4,FALSE) | L15: =K15+N15 | M15: =J15+N15-1 | N15: 1 | O15: 180 | P15: 0.11 | Q15: 0.11 | R15: 0.11 | S15: 0.11 | T15: 0.11 | U15: 0.11 | V15: 0.11 | W15: 0.11 | X15: 0.12 | Y15: 0 | AG15: =ROUND($O15*P15,0) | AH15: =ROUND($O15*Q15,0) | AI15: =ROUND($O15*R15,0) | AJ15: =ROUND($O15*S15,0) | AK15: =ROUND($O15*T15,0) | AL15: =ROUND($O15*U15,0) | AM15: =ROUND($O15*V15,0) | AN15: =ROUND($O15*W15,0) | AO15: =ROUND($O15*X15,0)-2 | AP15: =ROUND($O15*Y15,0) | AQ15: =ROUND($O15*Z15,0) | AR15: =ROUND($O15*AA15,0) | AS15: =ROUND($O15*AB15,0) | AT15: =ROUND($O15*AC15,0) | AU15: =ROUND($O15*AD15,0) | AV15: =ROUND($O15*AE15,0) | AW15: =ROUND($O15*AF15,0) | AX15: =SUM(AG15:AO15) | AY15: =AX15/160 | AZ15: =VLOOKUP(I15,Listy!$A$1:$H$9,6,FALSE) | BA15: =AY15*AZ15 | BB15: =AY15*BA15 | BI15: =BG15*BH15 | BW15: =BU15*BV15 | CA15: =BY15*BZ15 | CE15: =CC15*CD15
A16: 1 | B16: d | C16: 1 | D16: =CONCATENATE(A$3,"_",A16,"_",B16,"_",C16) | E16: Oczyszczanie, normalizacja, konwersja i standaryzacja danych (procedury ETL), w tym usuwanie duplikatów i korekcji błędów, do jednolitego formatu na potrzeby dokładności analiz i predykcji, spójności i możliwość łatwego przetwarzania | F16: =IFERROR(VLOOKUP($I16,Listy!$A:$H,2,FALSE),"XXX") | G16: ACT | H16: 3 | I16: .a03 | J16: =M15+1 | K16: =VLOOKUP(J16,Kalendarz!B:E,4,FALSE) | L16: =K16+N16 | M16: =J16+N16-1 | N16: 1 | O16: 180 | P16: 0.11 | Q16: 0.11 | R16: 0.11 | S16: 0.11 | T16: 0.11 | U16: 0.11 | V16: 0.11 | W16: 0.11 | X16: 0.12 | Y16: 0 | AG16: =ROUND($O16*P16,0) | AH16: =ROUND($O16*Q16,0) | AI16: =ROUND($O16*R16,0) | AJ16: =ROUND($O16*S16,0) | AK16: =ROUND($O16*T16,0) | AL16: =ROUND($O16*U16,0) | AM16: =ROUND($O16*V16,0) | AN16: =ROUND($O16*W16,0) | AO16: =ROUND($O16*X16,0)-2 | AP16: =ROUND($O16*Y16,0) | AQ16: =ROUND($O16*Z16,0) | AR16: =ROUND($O16*AA16,0) | AS16: =ROUND($O16*AB16,0) | AT16: =ROUND($O16*AC16,0) | AU16: =ROUND($O16*AD16,0) | AV16: =ROUND($O16*AE16,0) | AW16: =ROUND($O16*AF16,0) | AX16: =SUM(AG16:AO16) | AY16: =AX16/160 | AZ16: =VLOOKUP(I16,Listy!$A$1:$H$9,6,FALSE) | BA16: =AY16*AZ16 | BB16: =AY16*BA16 | BI16: =BG16*BH16 | BW16: =BU16*BV16 | CA16: =BY16*BZ16 | CE16: =CC16*CD16
A17: 2 | B17: a | C17: 0 | D17: =CONCATENATE(A$3,"_",A17,"_",B17,"_",C17) | E17: 2.Implementacja WBD w infrastrukturze Wnioskodawcy w oparciu o wybrane platformy bazodanowe, np. Oracle, MSSQL, MySQL | J17: =M16+1 | K17: =VLOOKUP(J17,Kalendarz!B:E,4,FALSE) | L17: =K17+N17 | M17: =J17+N17-1 | N17: =ROUND(MAX(AG17:AO17)/Listy!$U$5,0)
A18: 2 | B18: a | C18: 1 | D18: =CONCATENATE(A$3,"_",A18,"_",B18,"_",C18) | E18: Testowanie i walidacja platform bazodanowych (testy funkcjonalne i wydajnościowe, w tym obciążeniowe i regresyjne) jest kluczowe dla zapewnienia, że baza danych działa zgodnie z wymaganiami i jest gotowa do użycia | F18: =IFERROR(VLOOKUP($I18,Listy!$A:$H,2,FALSE),"XXX") | G18: ACT | H18: 4 | I18: .a03 | J18: =M17+1 | K18: =VLOOKUP(J18,Kalendarz!B:E,4,FALSE) | L18: =K18+N18 | M18: =J18+N18-1 | N18: 1 | O18: 200 | P18: 0.11 | Q18: 0.11 | R18: 0.11 | S18: 0.11 | T18: 0.11 | U18: 0.11 | V18: 0.11 | W18: 0.11 | X18: 0.12 | Y18: 0 | AG18: =ROUND($O18*P18,0) | AH18: =ROUND($O18*Q18,0) | AI18: =ROUND($O18*R18,0) | AJ18: =ROUND($O18*S18,0) | AK18: =ROUND($O18*T18,0) | AL18: =ROUND($O18*U18,0) | AM18: =ROUND($O18*V18,0) | AN18: =ROUND($O18*W18,0) | ... AW18: =ROUND($O18*AF18,0) | AX18: =SUM(AG18:AO18) | AY18: =AX18/160 | AZ18: =VLOOKUP(I18,Listy!$A$1:$H$9,6,FALSE) | BA18: =AY18*AZ18 | BB18: =AY18*BA18 | BI18: =BG18*BH18 | BW18: =BU18*BV18 | CA18: =BY18*BZ18 | CE18: =CC18*CD18
A19: 2 | B19: b | C19: 1 | D19: =CONCATENATE(A$3,"_",A19,"_",B19,"_",C19) | E19: Wybór platformy bazodanowej na podstawie testów wydajnościowych WBD | F19: =IFERROR(VLOOKUP($I19,Listy!$A:$H,2,FALSE),"XXX") | G19: ACT | H19: 4 | I19: .a01 | J19: =M18+1 | K19: =VLOOKUP(J19,Kalendarz!B:E,4,FALSE) | L19: =K19+N19 | M19: =J19+N19-1 | N19: =ROUND(MAX(AG19:AO19)/Listy!$U$5,0) | O19: 45 | P19: 0.11 | Q19: 0.11 | R19: 0.11 | S19: 0.11 | T19: 0.11 | U19: 0.11 | V19: 0.11 | W19: 0.11 | X19: 0.12 | Y19: 0 | AG19: =ROUND($O19*P19,0) | AH19: =ROUND($O19*Q19,0) | AI19: =ROUND($O19*R19,0) | AJ19: =ROUND($O19*S19,0) | AK19: =ROUND($O19*T19,0) | AL19: =ROUND($O19*U19,0) | AM19: =ROUND($O19*V19,0) | AN19: =ROUND($O19*W19,0) | ... AW19: =ROUND($O19*AF19,0) | AX19: =SUM(AG19:AO19) | AY19: =AX19/160 | AZ19: =VLOOKUP(I19,Listy!$A$1:$H$9,6,FALSE) | BA19: =AY19*AZ19 | BB19: =AY19*BA19 | BI19: =BG19*BH19 | BW19: =BU19*BV19 | CA19: =BY19*BZ19 | CE19: =CC19*CD19
A20: 2 | B20: c | C20: 1 | D20: =CONCATENATE(A$3,"_",A20,"_",B20,"_",C20) | E20: Wybór odpowiedniej platformy technologicznej zapewniającej skalowalność, bezpieczeństwo i wydajność analiz AI/ML | F20: =IFERROR(VLOOKUP($I20,Listy!$A:$H,2,FALSE),"XXX") | G20: ACT | H20: 4 | I20: .a03 | J20: =M19+1 | K20: =VLOOKUP(J20,Kalendarz!B:E,4,FALSE) | L20: =K20+N20 | M20: =J20+N20-1 | N20: 1 | O20: 200 | P20: 0.11 | Q20: 0.11 | R20: 0.11 | S20: 0.11 | T20: 0.11 | U20: 0.11 | V20: 0.11 | W20: 0.11 | X20: 0.12 | Y20: 0 | AG20: =ROUND($O20*P20,0) | AH20: =ROUND($O20*Q20,0) | AI20: =ROUND($O20*R20,0) | AJ20: =ROUND($O20*S20,0) | AK20: =ROUND($O20*T20,0) | AL20: =ROUND($O20*U20,0) | AM20: =ROUND($O20*V20,0) | AN20: =ROUND($O20*W20,0) | ... AW20: =ROUND($O20*AF20,0) | AX20: =SUM(AG20:AO20) | AY20: =AX20/160 | AZ20: =VLOOKUP(I20,Listy!$A$1:$H$9,6,FALSE) | BA20: =AY20*AZ20 | BB20: =AY20*BA20
A21: 2 | B21: d | C21: 1 | D21: =CONCATENATE(A$3,"_",A21,"_",B21,"_",C21) | E21: Fizyczna implementacja WBD w infrastrukturze Wnioskodawcy | F21: =IFERROR(VLOOKUP($I21,Listy!$A:$H,2,FALSE),"XXX") | G21: ACT | H21: 5 | I21: .a05 | J21: =M20+1 | K21: =VLOOKUP(J21,Kalendarz!B:E,4,FALSE) | L21: =K21+N21 | M21: =J21+N21-1 | N21: 1 | O21: 200 | P21: 0.2 | Q21: 0.2 | R21: 0.2 | S21: 0.2 | T21: 0.2 | U21: 0 | V21: 0 | W21: 0 | X21: 0 | Y21: 0 | AG21: =ROUND($O21*P21,0) | AH21: =ROUND($O21*Q21,0) | AI21: =ROUND($O21*R21,0) | AJ21: =ROUND($O21*S21,0) | AK21: =ROUND($O21*T21,0) | AL21: =ROUND($O21*U21,0) | AM21: =ROUND($O21*V21,0) | AN21: =ROUND($O21*W21,0) | ... AW21: =ROUND($O21*AF21,0) | AX21: =SUM(AG21:AO21) | AY21: =AX21/160 | AZ21: =VLOOKUP(I21,Listy!$A$1:$H$9,6,FALSE) | BA21: =AY21*AZ21 | BB21: =AY21*BA21
A22: 2 | B22: e | C22: 1 | D22: =CONCATENATE(A$3,"_",A22,"_",B22,"_",C22) | E22: Utworzenie mechanizmu do transferu danych między infrastrukturą Wnioskodawcy a platformami technologicznymi (np. Google Cloud, Microsoft Azure, NVidia AI) | F22: =IFERROR(VLOOKUP($I22,Listy!$A:$H,2,FALSE),"XXX") | G22: ACT/END | H22: 5 | I22: .a02 | J22: =M21+1 | K22: =VLOOKUP(J22,Kalendarz!B:E,4,FALSE) | L22: =K22+N22 | M22: =J22+N22-1 | N22: 0 | O22: 200 | P22: 0 | Q22: 0 | R22: 0 | S22: 0 | T22: 0 | U22: 0.15 | V22: 0.15 | W22: 0.15 | X22: 0.15 | Y22: 0.4 | AG22: =ROUND($O22*P22,0) | AH22: =ROUND($O22*Q22,0) | AI22: =ROUND($O22*R22,0) | AJ22: =ROUND($O22*S22,0) | AK22: =ROUND($O22*T22,0) | AL22: =ROUND($O22*U22,0) | AM22: =ROUND($O22*V22,0) | AN22: =ROUND($O22*W22,0) | ... AW22: =ROUND($O22*AF22,0) | AX22: =SUM(AG22:AO22) | AY22: =AX22/160 | AZ22: =VLOOKUP(I22,Listy!$A$1:$H$9,6,FALSE) | BA22: =AY22*AZ22 | BB22: =AY22*BA22
A23: 3 | B23: a | C23: 1 | D23: =CONCATENATE(A$3,"_",A23,"_",B23,"_",C23) | E23: 3.Opracowanie narzędzi do automatycznego monitorowania, wykrywających anomalie i nieprawidłowości w danych w czasie rzeczywistym, współpracujących z wybraną platformą bazodanową, przeprowadzających automatyczne sprawdzanie kompletności rekordów. Flagowane będą rekordy z brakującymi danymi natychmiast po ich wprowadzeniu/aktualizacji i wysyłane powiadomienia do administratorów, gdy liczba tych rekordów przekroczy próg 10 rekordów. Będą śledzić czas ostatniej aktualizacji każdego rekordu, flagując te, które nie były aktualizowane zgodnie z ustalonym harmonogramem (co 24h i generować odpowiednie alerty. | F23: =IFERROR(VLOOKUP($I23,Listy!$A:$H,2,FALSE),"XXX") | G23: ACT | H23: 6 | I23: .a01 | J23: =M22+1 | K23: =VLOOKUP(J23,Kalendarz!B:E,4,FALSE) | L23: =K23+N23 | M23: =J23+N23-1 | N23: 1 | O23: 80 | P23: 0.5 | Q23: 0.5 | R23: 0 | S23: 0 | T23: 0 | U23: 0 | V23: 0 | W23: 0 | X23: 0 | Y23: 0 | AG23: =ROUND($O23*P23,0) | AH23: =ROUND($O23*Q23,0) | AI23: =ROUND($O23*R23,0) | AJ23: =ROUND($O23*S23,0) | AK23: =ROUND($O23*T23,0) | AL23: =ROUND($O23*U23,0) | AM23: =ROUND($O23*V23,0) | AN23: =ROUND($O23*W23,0) | ... AW23: =ROUND($O23*AF23,0) | AX23: =SUM(AG23:AO23) | AY23: =AX23/160 | AZ23: =VLOOKUP(I23,Listy!$A$1:$H$9,6,FALSE) | BA23: =AY23*AZ23 | BB23: =AY23*BA23
A24: 4 | B24: a | C24: 0 | D24: =CONCATENATE(A$3,"_",A24,"_",B24,"_",C24) | E24: 4.Połączenie WBD z wybranym systemem AI/ML, co pozwoli na zbadanie potencjału zaawansowanych metod analitycznych AI/ML w celu zwiększenia wydajności procesów magazynowych. | J24: =M23+1 | K24: =VLOOKUP(J24,Kalendarz!B:E,4,FALSE) | L24: =K24+N24 | M24: =J24+N24-1 | N24: =ROUND(MAX(AG24:AO24)/Listy!$U$5,0)
A25: 4 | B25: a | C25: 1 | D25: =CONCATENATE(A$3,"_",A25,"_",B25,"_",C25) | E25: Zaimportowanie WBD w środowisku wybranej platformy AI/ML | F25: =IFERROR(VLOOKUP($I25,Listy!$A:$H,2,FALSE),"XXX") | G25: ACT | H25: 6 | I25: .a03 | J25: =M24+1 | K25: =VLOOKUP(J25,Kalendarz!B:E,4,FALSE) | L25: =K25+N25 | M25: =J25+N25-1 | N25: =ROUND(MAX(AG25:AO25)/Listy!$U$5,0) | O25: 45 | P25: 0 | Q25: 0 | R25: 0.17 | S25: 0.14 | T25: 0.11 | U25: 0.14 | V25: 0.14 | W25: 0.15 | X25: 0.15 | Y25: 0 | AG25: =ROUND($O25*P25,0) | AH25: =ROUND($O25*Q25,0) | AI25: =ROUND($O25*R25,0) | AJ25: =ROUND($O25*S25,0) | AK25: =ROUND($O25*T25,0) | AL25: =ROUND($O25*U25,0) | AM25: =ROUND($O25*V25,0) | AN25: =ROUND($O25*W25,0) | ... AW25: =ROUND($O25*AF25,0) | AX25: =SUM(AG25:AO25) | AY25: =AX25/160 | AZ25: =VLOOKUP(I25,Listy!$A$1:$H$9,6,FALSE) | BA25: =AY25*AZ25 | BB25: =AY25*BA25
A26: 4 | B26: b | C26: 1 | D26: =CONCATENATE(A$3,"_",A26,"_",B26,"_",C26) | E26: Sprawdzenie i potwierdzenie poprawności zaimplementowanych danych. Określenie zestawu danych testowych i referencyjnych do dalszych analiz | F26: =IFERROR(VLOOKUP($I26,Listy!$A:$H,2,FALSE),"XXX") | G26: ACT | H26: 6 | I26: .a01 | J26: =M25+1 | K26: =VLOOKUP(J26,Kalendarz!B:E,4,FALSE) | L26: =K26+N26 | M26: =J26+N26-1 | N26: =ROUND(MAX(AG26:AO26)/Listy!$U$5,0) | O26: 45 | P26: 0 | Q26: 0 | R26: 0.17 | S26: 0.16 | T26: 0.16 | U26: 0.17 | V26: 0.17 | W26: 0.17 | X26: 0 | Y26: 0 | AG26: =ROUND($O26*P26,0) | AH26: =ROUND($O26*Q26,0) | AI26: =ROUND($O26*R26,0) | AJ26: =ROUND($O26*S26,0) | AK26: =ROUND($O26*T26,0) | AL26: =ROUND($O26*U26,0) | AM26: =ROUND($O26*V26,0) | AN26: =ROUND($O26*W26,0) | ... AW26: =ROUND($O26*AF26,0) | AX26: =SUM(AG26:AO26) | AY26: =AX26/160 | AZ26: =VLOOKUP(I26,Listy!$A$1:$H$9,6,FALSE) | BA26: =AY26*AZ26 | BB26: =AY26*BA26
A27: 4 | B27: c | C27: 1 | D27: =CONCATENATE(A$3,"_",A27,"_",B27,"_",C27) | E27: Stworzenie zautomatyzowanego systemu aktualizacji danych WBD zintegrowanej z platformą. | F27: =IFERROR(VLOOKUP($I27,Listy!$A:$H,2,FALSE),"XXX") | G27: ACT | H27: 6 | I27: .a02 | J27: =M26+1 | K27: =VLOOKUP(J27,Kalendarz!B:E,4,FALSE) | L27: =K27+N27 | M27: =J27+N27-1 | N27: 1 | O27: 80 | P27: 0 | Q27: 0 | R27: 0 | S27: 0.16 | T27: 0.16 | U27: 0.17 | V27: 0.17 | W27: 0.17 | X27: 0.17 | Y27: 0 | AG27: =ROUND($O27*P27,0) | AH27: =ROUND($O27*Q27,0) | AI27: =ROUND($O27*R27,0) | AJ27: =ROUND($O27*S27,0) | AK27: =ROUND($O27*T27,0) | AL27: =ROUND($O27*U27,0) | AM27: =ROUND($O27*V27,0) | AN27: =ROUND($O27*W27,0) | ... AW27: =ROUND($O27*AF27,0) | AX27: =SUM(AG27:AO27) | AY27: =AX27/160 | AZ27: =VLOOKUP(I27,Listy!$A$1:$H$9,6,FALSE) | BA27: =AY27*AZ27 | BB27: =AY27*BA27
A28: 5 | B28: a | C28: 1 | D28: =CONCATENATE(A$3,"_",A28,"_",B28,"_",C28) | E28: 5.Opracowanie procedur/strategii bezpieczeństwa i zarządzania WBD | F28: =IFERROR(VLOOKUP($I28,Listy!$A:$H,2,FALSE),"XXX") | G28: ACT | H28: 7 | I28: .a03 | J28: =M27+1 | K28: =VLOOKUP(J28,Kalendarz!B:E,4,FALSE) | L28: =K28+N28 | M28: =J28+N28-1 | N28: 1 | O28: 80 | P28: 0.11 | Q28: 0.11 | R28: 0.11 | S28: 0.11 | T28: 0.11 | U28: 0.11 | V28: 0.11 | W28: 0.11 | X28: 0.12 | Y28: 0 | AG28: =ROUND($O28*P28,0) | AH28: =ROUND($O28*Q28,0) | AI28: =ROUND($O28*R28,0) | AJ28: =ROUND($O28*S28,0) | AK28: =ROUND($O28*T28,0) | AL28: =ROUND($O28*U28,0) | AM28: =ROUND($O28*V28,0) | AN28: =ROUND($O28*W28,0) | ... AW28: =ROUND($O28*AF28,0) | AX28: =SUM(AG28:AO28) | AY28: =AX28/160 | AZ28: =VLOOKUP(I28,Listy!$A$1:$H$9,6,FALSE) | BA28: =AY28*AZ28 | BB28: =AY28*BA28
A29: 6 | B29: a | C29: 1 | D29: =CONCATENATE(A$3,"_",A29,"_",B29,"_",C29) | E29: 6.Opracowanie dokumentacji WBD | F29: =IFERROR(VLOOKUP($I29,Listy!$A:$H,2,FALSE),"XXX") | G29: ACT | H29: 8 | I29: .a01 | J29: =M28+1 | K29: =VLOOKUP(J29,Kalendarz!B:E,4,FALSE) | L29: =K29+N29 | M29: =J29+N29-1 | N29: 1 | O29: 120 | P29: 0.11 | Q29: 0.11 | R29: 0.11 | S29: 0.11 | T29: 0.11 | U29: 0.11 | V29: 0.11 | W29: 0.11 | X29: 0.12 | Y29: 0 | AG29: =ROUND($O29*P29,0) | AH29: =ROUND($O29*Q29,0) | AI29: =ROUND($O29*R29,0) | AJ29: =ROUND($O29*S29,0) | AK29: =ROUND($O29*T29,0) | AL29: =ROUND($O29*U29,0) | AM29: =ROUND($O29*V29,0) | AN29: =ROUND($O29*W29,0) | ... AW29: =ROUND($O29*AF29,0) | AX29: =SUM(AG29:AO29) | AY29: =AX29/160 | AZ29: =VLOOKUP(I29,Listy!$A$1:$H$9,6,FALSE) | BA29: =AY29*AZ29 | BB29: =AY29*BA29
AG30: =SUM(AG$3:AG29) | AH30: =SUM(AH$3:AH29) | AI30: =SUM(AI$3:AI29) | AJ30: =SUM(AJ$3:AJ29) | AK30: =SUM(AK$3:AK29) | AL30: =SUM(AL$3:AL29) | AM30: =SUM(AM$3:AM29) | AN30: =SUM(AN$3:AN29) | ... AX30: =SUM(AX$3:AX29)
AG31: =Listy!$AA$1&AG30/20 | AH31: =Listy!$AA$1&AH30/20 | AI31: =Listy!$AA$1&AI30/20 | AJ31: =Listy!$AA$1&AJ30/20 | AK31: =Listy!$AA$1&AK30/20 | AL31: =Listy!$AA$1&AL30/20 | AM31: =Listy!$AA$1&AM30/20 | AN31: =Listy!$AA$1&AN30/20 | ... AX31: =Listy!$AA$1&AX30/20

Sheet II_Baza_BDP
E1: HARMONOGRAM SKOMPRESOWANY v1 | 01.01.2027 – 28.09.2029 | Kompresja −40% per zadanie | Endava +5 etatów | AGH +4 etatów | F1: =#REF! | J1: =I_Wzorcowa_BD!M1+1 | K1: równolegle z Zadaniem IV | M1: =MAX(M3:M9999) | N1: =SUM(N$4:N$999) | O1: =SUM(O$4:O$999) | P1: =AG1 | Q1: =AH1 | R1: =AI1 | S1: =AJ1 | T1: =AK1 | U1: =AL1 | V1: =AM1 | W1: =AN1 | ... AF1: =AW1 | AG1: =Listy!$AB$1 & MAX(AG$3:AG99) | AH1: =Listy!$AB$1 & MAX(AH$3:AH99) | AI1: =Listy!$AB$1 & MAX(AI$3:AI99) | AJ1: =Listy!$AB$1 & MAX(AJ$3:AJ99) | AK1: =Listy!$AB$1 & MAX(AK$3:AK99) | AL1: =Listy!$AB$1 & MAX(AL$3:AL99) | AM1: =Listy!$AB$1 & MAX(AM$3:AM99) | AN1: =Listy!$AB$1 & MAX(AN$3:AN99) | ... AW1: =Listy!$AB$1 & MAX(AW$3:AW99) | AX1: =#REF!
A2: =Karta!A2 | B2: =Karta!B2 | C2: =Karta!C2 | D2: =Karta!D2 | E2: =Karta!E2 | F2: =Karta!F2 | G2: =Karta!G2 | H2: =Karta!H2 | ... AB2: =Karta!AB2 | AC2: =Karta!AG2 | AD2: =Karta!AH2 | AE2: =Karta!AI2 | AF2: =Karta!AJ2 | AG2: =Karta!AL2 | AH2: =Karta!AM2 | AI2: =Karta!AN2 | AJ2: =Karta!AO2 | AK2: =Karta!AP2 | AL2: =Karta!AQ2 | AM2: =Karta!AR2 | AN2: =Karta!AS2 | ... AS2: =Karta!AX2 | AT2: =Karta!BC2 | AU2: =Karta!BD2 | AV2: =Karta!BE2 | AW2: =Karta!BF2 | AX2: =Karta!BH2 | AY2: =Karta!BI2 | AZ2: =Karta!BJ2 | BA2: =Karta!BK2 | BB2: =Karta!BL2 | BC2: =Karta!BM2 | BD2: =Karta!BN2 | BE2: =Karta!BO2 | ... CF2: =Karta!CP2
A3: .z02 | E3: =VLOOKUP(A3,Listy!A:C,2,FALSE) & " : " & VLOOKUP(A3,Listy!A:C,3,FALSE)
A4: 1 | B4: a | C4: 0 | D4: =CONCATENATE(A$3,"_",A4,"_",B4,"_",C4) | E4: 1.Opracowanie koncepcji standaryzowanej bazy danych Pakowania | I4: ACT
A5: 1 | B5: a | C5: 0 | D5: =CONCATENATE(A$3,"_",A5,"_",B5,"_",C5) | E5: 1.a.Projektowanie struktury bazy danych, która zapewni jej wydajność, spójność i skalowalność
A6: 1 | B6: a | C6: 1 | D6: =CONCATENATE(A$3,"_",A6,"_",B6,"_",C6) | E6: Opracowanie logicznego i fizycznego modelu bazy danych, uwzględniającego wszystkie kluczowe elementy (np. tabele, relacje, indeksy i klucze) | F6: =IFERROR(VLOOKUP($I6,Listy!$A:$H,2,FALSE),"XXX") | G6: =IFERROR(VLOOKUP($I6,Listy!$A:$H,3,FALSE),"XXX") | H6: 1 | I6: .a02 | J6: =J1 | K6: =VLOOKUP(J6,Kalendarz!B:E,4,FALSE) | L6: =K6+N6 | M6: =J6+N6-1 | N6: 1 | O6: 160 | P6: 0.25 | Q6: 0.25 | R6: 0.25 | S6: 0.25 | T6: 0 | U6: 0 | V6: 0 | W6: 0 | X6: 0 | AG6: =ROUND($O6*P6,0) | AH6: =ROUND($O6*Q6,0) | AI6: =ROUND($O6*R6,0) | AJ6: =ROUND($O6*S6,0) | AK6: =ROUND($O6*T6,0) | AL6: =ROUND($O6*U6,0) | AM6: =ROUND($O6*V6,0) | AN6: =ROUND($O6*W6,0) | ... AS6: =ROUND($O6*AB6,0) | AX6: =SUM(AG6:AO6) | AY6: =AX6/160 | AZ6: =VLOOKUP(I6,Listy!$A$1:$H$9,6,FALSE) | BA6: =AY6*AZ6 | BB6: =AY6*BA6 | BI6: =BG6*BH6 | BW6: =BU6*BV6 | CA6: =BY6*BZ6 | CE6: =CC6*CD6
A7: 1 | B7: a | C7: 1 | D7: =CONCATENATE(A$3,"_",A7,"_",B7,"_",C7) | E7: Opracowanie architektury systemu, zapewniającą obsługę rosnącej ilości danych celem szybkiego i efektywnego ich przetwarzania | F7: =IFERROR(VLOOKUP($I7,Listy!$A:$H,2,FALSE),"XXX") | G7: =IFERROR(VLOOKUP($I7,Listy!$A:$H,3,FALSE),"XXX") | H7: 1 | I7: .a03 | J7: =M6+1 | K7: =VLOOKUP(J7,Kalendarz!B:E,4,FALSE) | L7: =K7+N7 | M7: =J7+N7-1 | N7: =ROUND(MAX(AG7:AO7)/Listy!$U$2,0) | O7: 20 | P7: 0.25 | Q7: 0.25 | R7: 0.25 | S7: 0.25 | T7: 0 | U7: 0 | V7: 0 | W7: 0 | X7: 0 | AG7: =ROUND($O7*P7,0) | AH7: =ROUND($O7*Q7,0) | AI7: =ROUND($O7*R7,0) | AJ7: =ROUND($O7*S7,0) | AK7: =ROUND($O7*T7,0) | AL7: =ROUND($O7*U7,0) | AM7: =ROUND($O7*V7,0) | AN7: =ROUND($O7*W7,0) | ... AS7: =ROUND($O7*AB7,0) | AX7: =SUM(AG7:AO7) | AY7: =AX7/160 | AZ7: =VLOOKUP(I7,Listy!$A$1:$H$9,6,FALSE) | BA7: =AY7*AZ7 | BB7: =AY7*BA7 | BI7: =BG7*BH7 | BW7: =BU7*BV7 | CA7: =BY7*BZ7 | CE7: =CC7*CD7
A8: 1 | B8: a | C8: 1 | D8: =CONCATENATE(A$3,"_",A8,"_",B8,"_",C8) | E8: Opracowanie mechanizmów do administrowania, eksploatacji i monitorowania bazy danych oraz współpracy z modułami planowanej platformy ICT | F8: =IFERROR(VLOOKUP($I8,Listy!$A:$H,2,FALSE),"XXX") | G8: =IFERROR(VLOOKUP($I8,Listy!$A:$H,3,FALSE),"XXX") | H8: 1 | I8: .a01 | J8: =M7+1 | K8: =VLOOKUP(J8,Kalendarz!B:E,4,FALSE) | L8: =K8+N8 | M8: =J8+N8-1 | N8: =ROUND(MAX(AG8:AO8)/Listy!$U$2,0) | O8: 20 | P8: 0.25 | Q8: 0.25 | R8: 0.25 | S8: 0.25 | T8: 0 | U8: 0 | V8: 0 | W8: 0 | X8: 0 | AG8: =ROUND($O8*P8,0) | AH8: =ROUND($O8*Q8,0) | AI8: =ROUND($O8*R8,0) | AJ8: =ROUND($O8*S8,0) | AK8: =ROUND($O8*T8,0) | AL8: =ROUND($O8*U8,0) | AM8: =ROUND($O8*V8,0) | AN8: =ROUND($O8*W8,0) | ... AS8: =ROUND($O8*AB8,0) | AX8: =SUM(AG8:AO8) | AY8: =AX8/160 | AZ8: =VLOOKUP(I8,Listy!$A$1:$H$9,6,FALSE) | BA8: =AY8*AZ8 | BB8: =AY8*BA8 | BI8: =BG8*BH8 | BW8: =BU8*BV8 | CA8: =BY8*BZ8 | CE8: =CC8*CD8
A9: 1 | B9: a | C9: 1 | D9: =CONCATENATE(A$3,"_",A9,"_",B9,"_",C9) | E9: Testowanie, walidacja i optymalizacja projektu struktury bazy danych | F9: =IFERROR(VLOOKUP($I9,Listy!$A:$H,2,FALSE),"XXX") | G9: =IFERROR(VLOOKUP($I9,Listy!$A:$H,3,FALSE),"XXX") | H9: 1 | I9: .a03 | J9: =M8+1 | K9: =VLOOKUP(J9,Kalendarz!B:E,4,FALSE) | L9: =K9+N9 | M9: =J9+N9-1 | N9: =ROUND(MAX(AG9:AO9)/Listy!$U$2,0) | O9: 20 | P9: 0.25 | Q9: 0.25 | R9: 0.25 | S9: 0.25 | T9: 0 | U9: 0 | V9: 0 | W9: 0 | X9: 0 | AG9: =ROUND($O9*P9,0) | AH9: =ROUND($O9*Q9,0) | AI9: =ROUND($O9*R9,0) | AJ9: =ROUND($O9*S9,0) | AK9: =ROUND($O9*T9,0) | AL9: =ROUND($O9*U9,0) | AM9: =ROUND($O9*V9,0) | AN9: =ROUND($O9*W9,0) | ... AS9: =ROUND($O9*AB9,0) | AX9: =SUM(AG9:AO9) | AY9: =AX9/160 | AZ9: =VLOOKUP(I9,Listy!$A$1:$H$9,6,FALSE) | BA9: =AY9*AZ9 | BB9: =AY9*BA9 | BI9: =BG9*BH9 | BW9: =BU9*BV9 | CA9: =BY9*BZ9 | CE9: =CC9*CD9
A10: 1 | B10: b | C10: 0 | D10: =CONCATENATE(A$3,"_",A10,"_",B10,"_",C10) | E10: 1.b.Zbieranie i przygotowanie danych w celu uzyskania pełnego obrazu operacji dot. Pakowania i umożliwienia kompleksowych analiz | J10: =M9+1 | K10: =VLOOKUP(J10,Kalendarz!B:E,4,FALSE) | L10: =K10+N10 | M10: =J10+N10-1 | N10: =ROUND(MAX(AG10:AO10)/Listy!$U$2,0)
A11: 1 | B11: b | C11: 1 | D11: =CONCATENATE(A$3,"_",A11,"_",B11,"_",C11) | E11: Stworzenie procedur zbierania, analizy i przetwarzania danych | F11: =IFERROR(VLOOKUP($I11,Listy!$A:$H,2,FALSE),"XXX") | G11: =IFERROR(VLOOKUP($I11,Listy!$A:$H,3,FALSE),"XXX") | H11: 2 | I11: .a02 | J11: =M10+1 | K11: =VLOOKUP(J11,Kalendarz!B:E,4,FALSE) | L11: =K11+N11 | M11: =J11+N11-1 | N11: 1 | O11: 40 | P11: 0.25 | Q11: 0.25 | R11: 0.25 | S11: 0.25 | T11: 0 | U11: 0 | V11: 0 | W11: 0 | X11: 0 | AG11: =ROUND($O11*P11,0) | AH11: =ROUND($O11*Q11,0) | AI11: =ROUND($O11*R11,0) | AJ11: =ROUND($O11*S11,0) | AK11: =ROUND($O11*T11,0) | AL11: =ROUND($O11*U11,0) | AM11: =ROUND($O11*V11,0) | AN11: =ROUND($O11*W11,0) | ... AS11: =ROUND($O11*AB11,0) | AX11: =SUM(AG11:AO11) | AY11: =AX11/160 | AZ11: =VLOOKUP(I11,Listy!$A$1:$H$9,6,FALSE) | BA11: =AY11*AZ11 | BB11: =AY11*BA11 | BI11: =BG11*BH11 | BW11: =BU11*BV11 | CA11: =BY11*BZ11 | CE11: =CC11*CD11
A12: 1 | B12: b | C12: 2 | D12: =CONCATENATE(A$3,"_",A12,"_",B12,"_",C12) | E12: Pozyskanie danych z różnych źródeł, np. systemy WMS, ERP | F12: =IFERROR(VLOOKUP($I12,Listy!$A:$H,2,FALSE),"XXX") | G12: =IFERROR(VLOOKUP($I12,Listy!$A:$H,3,FALSE),"XXX") | H12: 2 | I12: .a03 | J12: =M11+1 | K12: =VLOOKUP(J12,Kalendarz!B:E,4,FALSE) | L12: =K12+N12 | M12: =J12+N12-1 | N12: 1 | O12: 80 | P12: 0.25 | Q12: 0.25 | R12: 0.25 | S12: 0.25 | T12: 0 | U12: 0 | V12: 0 | W12: 0 | X12: 0 | AG12: =ROUND($O12*P12,0) | AH12: =ROUND($O12*Q12,0) | AI12: =ROUND($O12*R12,0) | AJ12: =ROUND($O12*S12,0) | AK12: =ROUND($O12*T12,0) | AL12: =ROUND($O12*U12,0) | AM12: =ROUND($O12*V12,0) | AN12: =ROUND($O12*W12,0) | ... AS12: =ROUND($O12*AB12,0) | AX12: =SUM(AG12:AO12) | AY12: =AX12/160 | AZ12: =VLOOKUP(I12,Listy!$A$1:$H$9,6,FALSE) | BA12: =AY12*AZ12 | BB12: =AY12*BA12 | BI12: =BG12*BH12 | BW12: =BU12*BV12 | CA12: =BY12*BZ12 | CE12: =CC12*CD12
A13: 1 | B13: b | C13: 3 | D13: =CONCATENATE(A$3,"_",A13,"_",B13,"_",C13) | E13: Identyfikacja aktualnie przypisywanych atrybutów do rekordów/obiektów w WMS/ERP | F13: =IFERROR(VLOOKUP($I13,Listy!$A:$H,2,FALSE),"XXX") | G13: =IFERROR(VLOOKUP($I13,Listy!$A:$H,3,FALSE),"XXX") | H13: 2 | I13: .a01 | J13: =M12+1 | K13: =VLOOKUP(J13,Kalendarz!B:E,4,FALSE) | L13: =K13+N13 | M13: =J13+N13-1 | N13: 1 | O13: 60 | P13: 0.25 | Q13: 0.25 | R13: 0.25 | S13: 0.25 | T13: 0 | U13: 0 | V13: 0 | W13: 0 | X13: 0 | AG13: =ROUND($O13*P13,0) | AH13: =ROUND($O13*Q13,0) | AI13: =ROUND($O13*R13,0) | AJ13: =ROUND($O13*S13,0) | AK13: =ROUND($O13*T13,0) | AL13: =ROUND($O13*U13,0) | AM13: =ROUND($O13*V13,0) | AN13: =ROUND($O13*W13,0) | ... AS13: =ROUND($O13*AB13,0) | AX13: =SUM(AG13:AO13) | AY13: =AX13/160 | AZ13: =VLOOKUP(I13,Listy!$A$1:$H$9,6,FALSE) | BA13: =AY13*AZ13 | BB13: =AY13*BA13 | BI13: =BG13*BH13 | BW13: =BU13*BV13 | CA13: =BY13*BZ13 | CE13: =CC13*CD13
A14: 1 | B14: b | C14: 4 | D14: =CONCATENATE(A$3,"_",A14,"_",B14,"_",C14) | E14: Opracowanie założeń modeli, schematów, organizacji i prezentacji danych wejściowych | F14: =IFERROR(VLOOKUP($I14,Listy!$A:$H,2,FALSE),"XXX") | G14: =IFERROR(VLOOKUP($I14,Listy!$A:$H,3,FALSE),"XXX") | H14: 2 | I14: .a03 | J14: =M13+1 | K14: =VLOOKUP(J14,Kalendarz!B:E,4,FALSE) | L14: =K14+N14 | M14: =J14+N14-1 | N14: 1 | O14: 80 | P14: 0.25 | Q14: 0.25 | R14: 0.25 | S14: 0.25 | T14: 0 | U14: 0 | V14: 0 | W14: 0 | X14: 0 | AG14: =ROUND($O14*P14,0) | AH14: =ROUND($O14*Q14,0) | AI14: =ROUND($O14*R14,0) | AJ14: =ROUND($O14*S14,0) | AK14: =ROUND($O14*T14,0) | AL14: =ROUND($O14*U14,0) | AM14: =ROUND($O14*V14,0) | AN14: =ROUND($O14*W14,0) | ... AS14: =ROUND($O14*AB14,0) | AX14: =SUM(AG14:AO14) | AY14: =AX14/160 | AZ14: =VLOOKUP(I14,Listy!$A$1:$H$9,6,FALSE) | BA14: =AY14*AZ14 | BB14: =AY14*BA14 | BI14: =BG14*BH14 | BW14: =BU14*BV14 | CA14: =BY14*BZ14 | CE14: =CC14*CD14
A15: 1 | B15: c | C15: 1 | D15: =CONCATENATE(A$3,"_",A15,"_",B15,"_",C15) | E15: Zgromadzenie danych historycznych (ostatnie 3 lata), dot. procesów omawianych w ramach niniejszego projektu. | F15: =IFERROR(VLOOKUP($I15,Listy!$A:$H,2,FALSE),"XXX") | G15: =IFERROR(VLOOKUP($I15,Listy!$A:$H,3,FALSE),"XXX") | H15: 3 | I15: .a04 | J15: =M14+1 | K15: =VLOOKUP(J15,Kalendarz!B:E,4,FALSE) | L15: =K15+N15 | M15: =J15+N15-1 | N15: 1 | O15: 40 | P15: 0.25 | Q15: 0.25 | R15: 0.25 | S15: 0.25 | T15: 0 | U15: 0 | V15: 0 | W15: 0 | X15: 0 | AG15: =ROUND($O15*P15,0) | AH15: =ROUND($O15*Q15,0) | AI15: =ROUND($O15*R15,0) | AJ15: =ROUND($O15*S15,0) | AK15: =ROUND($O15*T15,0) | AL15: =ROUND($O15*U15,0) | AM15: =ROUND($O15*V15,0) | AN15: =ROUND($O15*W15,0) | ... AS15: =ROUND($O15*AB15,0) | AX15: =SUM(AG15:AO15) | AY15: =AX15/160 | AZ15: =VLOOKUP(I15,Listy!$A$1:$H$9,6,FALSE) | BA15: =AY15*AZ15 | BB15: =AY15*BA15 | BI15: =BG15*BH15 | BW15: =BU15*BV15 | CA15: =BY15*BZ15 | CE15: =CC15*CD15
A16: 1 | B16: d | C16: 1 | D16: =CONCATENATE(A$3,"_",A16,"_",B16,"_",C16) | E16: Oczyszczanie, normalizacja, konwersja i standaryzacja danych (procedury ETL), w tym usuwanie duplikatów i korekcji błędów, do jednolitego formatu na potrzeby dokładności analiz i predykcji, spójności i możliwość łatwego przetwarzania, | F16: =IFERROR(VLOOKUP($I16,Listy!$A:$H,2,FALSE),"XXX") | G16: =IFERROR(VLOOKUP($I16,Listy!$A:$H,3,FALSE),"XXX") | H16: 4 | I16: .a02 | J16: =M15+1 | K16: =VLOOKUP(J16,Kalendarz!B:E,4,FALSE) | L16: =K16+N16 | M16: =J16+N16-1 | N16: 1 | O16: 80 | P16: 0.25 | Q16: 0.25 | R16: 0.25 | S16: 0.25 | T16: 0 | U16: 0 | V16: 0 | W16: 0 | X16: 0 | AG16: =ROUND($O16*P16,0) | AH16: =ROUND($O16*Q16,0) | AI16: =ROUND($O16*R16,0) | AJ16: =ROUND($O16*S16,0) | AK16: =ROUND($O16*T16,0) | AL16: =ROUND($O16*U16,0) | AM16: =ROUND($O16*V16,0) | AN16: =ROUND($O16*W16,0) | ... AS16: =ROUND($O16*AB16,0) | AX16: =SUM(AG16:AO16) | AY16: =AX16/160 | AZ16: =VLOOKUP(I16,Listy!$A$1:$H$9,6,FALSE) | BA16: =AY16*AZ16 | BB16: =AY16*BA16 | BI16: =BG16*BH16 | BW16: =BU16*BV16 | CA16: =BY16*BZ16 | CE16: =CC16*CD16
A17: 2 | B17: a | C17: 0 | D17: =CONCATENATE(A$3,"_",A17,"_",B17,"_",C17) | E17: 2.Implementacja BDP w infrastrukturze Wnioskodawcy w oparciu o wybrane platformy bazodanowe, np. Oracle, MSSQL, MySQL | J17: =M16+1 | K17: =VLOOKUP(J17,Kalendarz!B:E,4,FALSE) | L17: =K17+N17 | M17: =J17+N17-1 | N17: =ROUND(MAX(AG17:AO17)/Listy!$U$2,0)
A18: 2 | B18: a | C18: 1 | D18: =CONCATENATE(A$3,"_",A18,"_",B18,"_",C18) | E18: Testowanie i walidacja platform bazodanowych (testy funkcjonalne i wydajnościowe, w tym obciążeniowe i regresyjne) jest kluczowe dla zapewnienia, że baza danych działa zgodnie z wymaganiami i jest gotowa do użycia | F18: =IFERROR(VLOOKUP($I18,Listy!$A:$H,2,FALSE),"XXX") | G18: =IFERROR(VLOOKUP($I18,Listy!$A:$H,3,FALSE),"XXX") | H18: 5 | I18: .a01 | J18: =M17+1 | K18: =VLOOKUP(J18,Kalendarz!B:E,4,FALSE) | L18: =K18+N18 | M18: =J18+N18-1 | N18: 1 | O18: 80 | P18: 0.25 | Q18: 0.25 | R18: 0.25 | S18: 0.25 | T18: 0 | U18: 0 | V18: 0 | W18: 0 | X18: 0 | AG18: =ROUND($O18*P18,0) | AH18: =ROUND($O18*Q18,0) | AI18: =ROUND($O18*R18,0) | AJ18: =ROUND($O18*S18,0) | AK18: =ROUND($O18*T18,0) | AL18: =ROUND($O18*U18,0) | AM18: =ROUND($O18*V18,0) | AN18: =ROUND($O18*W18,0) | ... AS18: =ROUND($O18*AB18,0) | AX18: =SUM(AG18:AO18) | AY18: =AX18/160 | AZ18: =VLOOKUP(I18,Listy!$A$1:$H$9,6,FALSE) | BA18: =AY18*AZ18 | BB18: =AY18*BA18 | BI18: =BG18*BH18 | BW18: =BU18*BV18 | CA18: =BY18*BZ18 | CE18: =CC18*CD18
A19: 2 | B19: b | C19: 1 | D19: =CONCATENATE(A$3,"_",A19,"_",B19,"_",C19) | E19: Wybór platformy bazodanowej na podstawie testów wydajnościowych BDP | F19: =IFERROR(VLOOKUP($I19,Listy!$A:$H,2,FALSE),"XXX") | G19: =IFERROR(VLOOKUP($I19,Listy!$A:$H,3,FALSE),"XXX") | H19: 5 | I19: .a03 | J19: =M18+1 | K19: =VLOOKUP(J19,Kalendarz!B:E,4,FALSE) | L19: =K19+N19 | M19: =J19+N19-1 | N19: =ROUND(MAX(AG19:AO19)/Listy!$U$2,0) | O19: 8 | P19: 0.25 | Q19: 0.25 | R19: 0.25 | S19: 0.25 | T19: 0 | U19: 0 | V19: 0 | W19: 0 | X19: 0 | AG19: =ROUND($O19*P19,0) | AH19: =ROUND($O19*Q19,0) | AI19: =ROUND($O19*R19,0) | AJ19: =ROUND($O19*S19,0) | AK19: =ROUND($O19*T19,0) | AL19: =ROUND($O19*U19,0) | AM19: =ROUND($O19*V19,0) | AN19: =ROUND($O19*W19,0) | ... AS19: =ROUND($O19*AB19,0) | AX19: =SUM(AG19:AO19) | AY19: =AX19/160 | AZ19: =VLOOKUP(I19,Listy!$A$1:$H$9,6,FALSE) | BA19: =AY19*AZ19 | BB19: =AY19*BA19 | BI19: =BG19*BH19 | BW19: =BU19*BV19 | CA19: =BY19*BZ19 | CE19: =CC19*CD19
A20: 2 | B20: c | C20: 1 | D20: =CONCATENATE(A$3,"_",A20,"_",B20,"_",C20) | E20: Wybór odpowiedniej platformy technologicznej zapewniającej skalowalność, bezpieczeństwo i wydajność analiz AI/ML | F20: =IFERROR(VLOOKUP($I20,Listy!$A:$H,2,FALSE),"XXX") | G20: =IFERROR(VLOOKUP($I20,Listy!$A:$H,3,FALSE),"XXX") | H20: 5 | I20: .a04 | J20: =M19+1 | K20: =VLOOKUP(J20,Kalendarz!B:E,4,FALSE) | L20: =K20+N20 | M20: =J20+N20-1 | N20: =ROUND(MAX(AG20:AO20)/Listy!$U$2,0) | O20: 8 | P20: 0.25 | Q20: 0.25 | R20: 0.25 | S20: 0.25 | T20: 0 | U20: 0 | V20: 0 | W20: 0 | X20: 0 | AG20: =ROUND($O20*P20,0) | AH20: =ROUND($O20*Q20,0) | AI20: =ROUND($O20*R20,0) | AJ20: =ROUND($O20*S20,0) | AK20: =ROUND($O20*T20,0) | AL20: =ROUND($O20*U20,0) | AM20: =ROUND($O20*V20,0) | AN20: =ROUND($O20*W20,0) | ... AS20: =ROUND($O20*AB20,0) | AX20: =SUM(AG20:AO20) | AY20: =AX20/160 | AZ20: =VLOOKUP(I20,Listy!$A$1:$H$9,6,FALSE) | BA20: =AY20*AZ20 | BB20: =AY20*BA20 | BI20: =BG20*BH20 | BW20: =BU20*BV20 | CA20: =BY20*BZ20 | CE20: =CC20*CD20
A21: 2 | B21: d | C21: 1 | D21: =CONCATENATE(A$3,"_",A21,"_",B21,"_",C21) | E21: Fizyczna implementacja BDP na platformach technologicznych (np. Google Cloud, Microsoft Azure, NVidia AI) | F21: =IFERROR(VLOOKUP($I21,Listy!$A:$H,2,FALSE),"XXX") | G21: =IFERROR(VLOOKUP($I21,Listy!$A:$H,3,FALSE),"XXX") | H21: 6 | I21: .a02 | J21: =M20+1 | K21: =VLOOKUP(J21,Kalendarz!B:E,4,FALSE) | L21: =K21+N21 | M21: =J21+N21-1 | N21: 1 | O21: 100 | P21: 0.25 | Q21: 0.25 | R21: 0.25 | S21: 0.25 | T21: 0 | U21: 0 | V21: 0 | W21: 0 | X21: 0 | AG21: =ROUND($O21*P21,0) | AH21: =ROUND($O21*Q21,0) | AI21: =ROUND($O21*R21,0) | AJ21: =ROUND($O21*S21,0) | AK21: =ROUND($O21*T21,0) | AL21: =ROUND($O21*U21,0) | AM21: =ROUND($O21*V21,0) | AN21: =ROUND($O21*W21,0) | ... AS21: =ROUND($O21*AB21,0) | AX21: =SUM(AG21:AO21) | AY21: =AX21/160 | AZ21: =VLOOKUP(I21,Listy!$A$1:$H$9,6,FALSE) | BA21: =AY21*AZ21 | BB21: =AY21*BA21 | BI21: =BG21*BH21 | BW21: =BU21*BV21 | CA21: =BY21*BZ21 | CE21: =CC21*CD21
A22: 2 | B22: e | C22: 1 | D22: =CONCATENATE(A$3,"_",A22,"_",B22,"_",C22) | E22: Utworzenie mechanizmu do transferu danych między infrastrukturą Wnioskodawcy a platformami technologicznymi (np. Google Cloud, Microsoft Azure, NVidia AI) | F22: =IFERROR(VLOOKUP($I22,Listy!$A:$H,2,FALSE),"XXX") | G22: =IFERROR(VLOOKUP($I22,Listy!$A:$H,3,FALSE),"XXX") | H22: 7 | I22: .e01 | J22: =M21+1 | K22: =VLOOKUP(J22,Kalendarz!B:E,4,FALSE) | L22: =K22+N22 | M22: =J22+N22-1 | N22: 1 | O22: 200 | P22: 0.15 | Q22: 0.15 | R22: 0.15 | S22: 0.15 | T22: 0 | U22: 0 | V22: 0 | W22: 0 | X22: 0 | Y22: 0.4 | AG22: =ROUND($O22*P22,0) | AH22: =ROUND($O22*Q22,0) | AI22: =ROUND($O22*R22,0) | AJ22: =ROUND($O22*S22,0) | AK22: =ROUND($O22*T22,0) | AL22: =ROUND($O22*U22,0) | AM22: =ROUND($O22*V22,0) | AN22: =ROUND($O22*W22,0) | ... AS22: =ROUND($O22*AB22,0) | AX22: =SUM(AG22:AO22) | AY22: =AX22/160 | AZ22: =VLOOKUP(I22,Listy!$A$1:$H$9,6,FALSE) | BA22: =AY22*AZ22 | BB22: =AY22*BA22 | BI22: =BG22*BH22 | BW22: =BU22*BV22 | CA22: =BY22*BZ22 | CE22: =CC22*CD22
A23: 3 | B23: a | C23: 1 | D23: =CONCATENATE(A$3,"_",A23,"_",B23,"_",C23) | E23: 3.Opracowanie narzędzi do automatycznego monitorowania, wykrywających anomalie i nieprawidłowości w danych w czasie rzeczywistym, współpracujących z wybraną platformą bazodanową, przeprowadzających automatyczne sprawdzanie kompletności rekordów. Flagowane będą rekordy z brakującymi danymi natychmiast po ich wprowadzeniu/aktualizacji i wysyłane powiadomienia do administratorów, gdy liczba tych rekordów przekroczy próg 10 rekordów. Będą śledzić czas ostatniej aktualizacji każdego rekordu, flagując te, które nie były aktualizowane zgodnie z ustalonym harmonogramem (co 24h i generować odpowiednie alerty. | F23: =IFERROR(VLOOKUP($I23,Listy!$A:$H,2,FALSE),"XXX") | G23: =IFERROR(VLOOKUP($I23,Listy!$A:$H,3,FALSE),"XXX") | H23: 8 | I23: .a01 | J23: =M22+1 | K23: =VLOOKUP(J23,Kalendarz!B:E,4,FALSE) | L23: =K23+N23 | M23: =J23+N23-1 | N23: =ROUND(MAX(AG23:AO23)/Listy!$U$2,0) | O23: 30 | P23: 0.25 | Q23: 0.25 | R23: 0.25 | S23: 0.25 | T23: 0 | U23: 0 | V23: 0 | W23: 0 | X23: 0 | AG23: =ROUND($O23*P23,0) | AH23: =ROUND($O23*Q23,0) | AI23: =ROUND($O23*R23,0) | AJ23: =ROUND($O23*S23,0) | AK23: =ROUND($O23*T23,0) | AL23: =ROUND($O23*U23,0) | AM23: =ROUND($O23*V23,0) | AN23: =ROUND($O23*W23,0) | ... AS23: =ROUND($O23*AB23,0) | AX23: =SUM(AG23:AO23) | AY23: =AX23/160 | AZ23: =VLOOKUP(I23,Listy!$A$1:$H$9,6,FALSE) | BA23: =AY23*AZ23 | BB23: =AY23*BA23 | BI23: =BG23*BH23 | BW23: =BU23*BV23 | CA23: =BY23*BZ23 | CE23: =CC23*CD23
A24: 4 | B24: a | C24: 0 | D24: =CONCATENATE(A$3,"_",A24,"_",B24,"_",C24) | E24: 4.Połączenie BDP z wybranym systemem AI/ML, co pozwoli na zbadanie potencjału zaawansowanych metod analitycznych AI/ML w celu zwiększenia wydajności procesów magazynowych. | J24: =M23+1 | K24: =VLOOKUP(J24,Kalendarz!B:E,4,FALSE) | L24: =K24+N24 | M24: =J24+N24-1 | N24: =ROUND(MAX(AG24:AO24)/Listy!$U$2,0)
A25: 4 | B25: a | C25: 1 | D25: =CONCATENATE(A$3,"_",A25,"_",B25,"_",C25) | E25: Zaimportowanie BDP w środowisku wybranej platformy AI/ML | F25: =IFERROR(VLOOKUP($I25,Listy!$A:$H,2,FALSE),"XXX") | G25: =IFERROR(VLOOKUP($I25,Listy!$A:$H,3,FALSE),"XXX") | H25: 8 | I25: .a04 | J25: =M24+1 | K25: =VLOOKUP(J25,Kalendarz!B:E,4,FALSE) | L25: =K25+N25 | M25: =J25+N25-1 | N25: 1 | O25: 40 | P25: 0.25 | Q25: 0.25 | R25: 0.25 | S25: 0.25 | T25: 0 | U25: 0 | V25: 0 | W25: 0 | X25: 0 | AG25: =ROUND($O25*P25,0) | AH25: =ROUND($O25*Q25,0) | AI25: =ROUND($O25*R25,0) | AJ25: =ROUND($O25*S25,0) | AK25: =ROUND($O25*T25,0) | AL25: =ROUND($O25*U25,0) | AM25: =ROUND($O25*V25,0) | AN25: =ROUND($O25*W25,0) | ... AS25: =ROUND($O25*AB25,0) | AX25: =SUM(AG25:AO25) | AY25: =AX25/160 | AZ25: =VLOOKUP(I25,Listy!$A$1:$H$9,6,FALSE) | BA25: =AY25*AZ25 | BB25: =AY25*BA25 | BI25: =BG25*BH25 | BW25: =BU25*BV25 | CA25: =BY25*BZ25 | CE25: =CC25*CD25
A26: 4 | B26: b | C26: 1 | D26: =CONCATENATE(A$3,"_",A26,"_",B26,"_",C26) | E26: Sprawdzenie i potwierdzenie poprawności zaimplementowanych danych. Określenie zestawu danych testowych i referencyjnych do dalszych analiz | F26: =IFERROR(VLOOKUP($I26,Listy!$A:$H,2,FALSE),"XXX") | G26: =IFERROR(VLOOKUP($I26,Listy!$A:$H,3,FALSE),"XXX") | H26: 8 | I26: .a02 | J26: =M25+1 | K26: =VLOOKUP(J26,Kalendarz!B:E,4,FALSE) | L26: =K26+N26 | M26: =J26+N26-1 | N26: 1 | O26: 40 | P26: 0.25 | Q26: 0.25 | R26: 0.25 | S26: 0.25 | T26: 0 | U26: 0 | V26: 0 | W26: 0 | X26: 0 | AG26: =ROUND($O26*P26,0) | AH26: =ROUND($O26*Q26,0) | AI26: =ROUND($O26*R26,0) | AJ26: =ROUND($O26*S26,0) | AK26: =ROUND($O26*T26,0) | AL26: =ROUND($O26*U26,0) | AM26: =ROUND($O26*V26,0) | AN26: =ROUND($O26*W26,0) | ... AS26: =ROUND($O26*AB26,0) | AX26: =SUM(AG26:AO26) | AY26: =AX26/160 | AZ26: =VLOOKUP(I26,Listy!$A$1:$H$9,6,FALSE) | BA26: =AY26*AZ26 | BB26: =AY26*BA26 | BI26: =BG26*BH26 | BW26: =BU26*BV26 | CA26: =BY26*BZ26 | CE26: =CC26*CD26
A27: 4 | B27: c | C27: 1 | D27: =CONCATENATE(A$3,"_",A27,"_",B27,"_",C27) | E27: Stworzenie zautomatyzowanego systemu aktualizacji danych BDP zintegrowanej z platformą. | F27: =IFERROR(VLOOKUP($I27,Listy!$A:$H,2,FALSE),"XXX") | G27: =IFERROR(VLOOKUP($I27,Listy!$A:$H,3,FALSE),"XXX") | H27: 8 | I27: .a03 | J27: =M26+1 | K27: =VLOOKUP(J27,Kalendarz!B:E,4,FALSE) | L27: =K27+N27 | M27: =J27+N27-1 | N27: 1 | O27: 80 | P27: 0.25 | Q27: 0.25 | R27: 0.25 | S27: 0.25 | T27: 0 | U27: 0 | V27: 0 | W27: 0 | X27: 0 | AG27: =ROUND($O27*P27,0) | AH27: =ROUND($O27*Q27,0) | AI27: =ROUND($O27*R27,0) | AJ27: =ROUND($O27*S27,0) | AK27: =ROUND($O27*T27,0) | AL27: =ROUND($O27*U27,0) | AM27: =ROUND($O27*V27,0) | AN27: =ROUND($O27*W27,0) | ... AS27: =ROUND($O27*AB27,0) | AX27: =SUM(AG27:AO27) | AY27: =AX27/160 | AZ27: =VLOOKUP(I27,Listy!$A$1:$H$9,6,FALSE) | BA27: =AY27*AZ27 | BB27: =AY27*BA27 | BI27: =BG27*BH27 | BW27: =BU27*BV27 | CA27: =BY27*BZ27 | CE27: =CC27*CD27
A28: 5 | B28: a | C28: 1 | D28: =CONCATENATE(A$3,"_",A28,"_",B28,"_",C28) | E28: 5.Opracowanie procedur/strategii bezpieczeństwa i zarządzania BDP | F28: =IFERROR(VLOOKUP($I28,Listy!$A:$H,2,FALSE),"XXX") | G28: =IFERROR(VLOOKUP($I28,Listy!$A:$H,3,FALSE),"XXX") | H28: 9 | I28: .a01 | J28: =M27+1 | K28: =VLOOKUP(J28,Kalendarz!B:E,4,FALSE) | L28: =K28+N28 | M28: =J28+N28-1 | N28: =ROUND(MAX(AG28:AO28)/Listy!$U$2,0) | O28: 20 | P28: 0.25 | Q28: 0.25 | R28: 0.25 | S28: 0.25 | T28: 0 | U28: 0 | V28: 0 | W28: 0 | X28: 0 | AG28: =ROUND($O28*P28,0) | AH28: =ROUND($O28*Q28,0) | AI28: =ROUND($O28*R28,0) | AJ28: =ROUND($O28*S28,0) | AK28: =ROUND($O28*T28,0) | AL28: =ROUND($O28*U28,0) | AM28: =ROUND($O28*V28,0) | AN28: =ROUND($O28*W28,0) | ... AS28: =ROUND($O28*AB28,0) | AX28: =SUM(AG28:AO28) | AY28: =AX28/160 | AZ28: =VLOOKUP(I28,Listy!$A$1:$H$9,6,FALSE) | BA28: =AY28*AZ28 | BB28: =AY28*BA28 | BI28: =BG28*BH28 | BW28: =BU28*BV28 | CA28: =BY28*BZ28 | CE28: =CC28*CD28
A29: 6 | B29: a | C29: 1 | D29: =CONCATENATE(A$3,"_",A29,"_",B29,"_",C29) | E29: 6.Opracowanie dokumentacji BDP | F29: =IFERROR(VLOOKUP($I29,Listy!$A:$H,2,FALSE),"XXX") | G29: =IFERROR(VLOOKUP($I29,Listy!$A:$H,3,FALSE),"XXX") | H29: 10 | I29: .a03 | J29: =M28+1 | K29: =VLOOKUP(J29,Kalendarz!B:E,4,FALSE) | L29: =K29+N29 | M29: =J29+N29-1 | N29: 1 | O29: 60 | P29: 0.25 | Q29: 0.25 | R29: 0.25 | S29: 0.25 | T29: 0 | U29: 0 | V29: 0 | W29: 0 | X29: 0 | AG29: =ROUND($O29*P29,0) | AH29: =ROUND($O29*Q29,0) | AI29: =ROUND($O29*R29,0) | AJ29: =ROUND($O29*S29,0) | AK29: =ROUND($O29*T29,0) | AL29: =ROUND($O29*U29,0) | AM29: =ROUND($O29*V29,0) | AN29: =ROUND($O29*W29,0) | ... AS29: =ROUND($O29*AB29,0) | AX29: =SUM(AG29:AO29) | AY29: =AX29/160 | AZ29: =VLOOKUP(I29,Listy!$A$1:$H$9,6,FALSE) | BA29: =AY29*AZ29 | BB29: =AY29*BA29 | BI29: =BG29*BH29
A30: Łącznie | AG30: =SUM(AG$3:AG29) | AH30: =SUM(AH$3:AH29) | AI30: =SUM(AI$3:AI29) | AJ30: =SUM(AJ$3:AJ29) | AK30: =SUM(AK$3:AK29) | AL30: =SUM(AL$3:AL29) | AM30: =SUM(AM$3:AM29) | AN30: =SUM(AN$3:AN29) | ... AX30: =SUM(AX$3:AX29)
AG31: =Listy!$AA$1&AG30/20 | AH31: =Listy!$AA$1&AH30/20 | AI31: =Listy!$AA$1&AI30/20 | AJ31: =Listy!$AA$1&AJ30/20 | AK31: =Listy!$AA$1&AK30/20 | AL31: =Listy!$AA$1&AL30/20 | AM31: =Listy!$AA$1&AM30/20 | AN31: =Listy!$AA$1&AN30/20 | ... AX31: =Listy!$AA$1&AX30/20

Sheet IV_Baza_BDCB
E1: HARMONOGRAM SKOMPRESOWANY v1 | 01.01.2027 – 28.09.2029 | Kompresja −40% per zadanie | Endava +5 etatów | AGH +4 etatów | J1: =I_Wzorcowa_BD!M1+1 | K1: równolegle z Zadaniem II | M1: =MAX(M3:M9999) | N1: =SUM(N$4:N$999) | O1: =SUM(O$4:O$999) | P1: =AG1 | Q1: =AH1 | R1: =AI1 | S1: =AJ1 | T1: =AK1 | U1: =AL1 | V1: =AM1 | W1: =AN1 | ... AF1: =AW1 | AG1: =Listy!$AB$1 & MAX(AG$3:AG99) | AH1: =Listy!$AB$1 & MAX(AH$3:AH99) | AI1: =Listy!$AB$1 & MAX(AI$3:AI99) | AJ1: =Listy!$AB$1 & MAX(AJ$3:AJ99) | AK1: =Listy!$AB$1 & MAX(AK$3:AK99) | AL1: =Listy!$AB$1 & MAX(AL$3:AL99) | AM1: =Listy!$AB$1 & MAX(AM$3:AM99) | AN1: =Listy!$AB$1 & MAX(AN$3:AN99) | ... AW1: =Listy!$AB$1 & MAX(AW$3:AW99) | AX1: =#REF! | BC1: =#REF! | BI1: =#REF! | BX1: =#REF! | CB1: =#REF!
A2: =Karta!A2 | B2: =Karta!B2 | C2: =Karta!C2 | D2: =Karta!D2 | E2: =Karta!E2 | F2: =Karta!F2 | G2: =Karta!G2 | H2: =Karta!H2 | ... AB2: =Karta!AB2 | AC2: =Karta!AG2 | AD2: =Karta!AH2 | AE2: =Karta!AI2 | AF2: =Karta!AJ2 | AG2: =Karta!AL2 | AH2: =Karta!AM2 | AI2: =Karta!AN2 | AJ2: =Karta!AO2 | AK2: =Karta!AP2 | AL2: =Karta!AQ2 | AM2: =Karta!AR2 | AN2: =Karta!AS2 | ... AS2: =Karta!AX2 | AT2: =Karta!BC2 | AU2: =Karta!BD2 | AV2: =Karta!BE2 | AW2: =Karta!BF2 | AX2: =Karta!BH2 | AY2: =Karta!BI2 | AZ2: =Karta!BJ2 | BA2: =Karta!BK2 | BB2: =Karta!BL2 | BC2: =Karta!BM2 | BD2: =Karta!BN2 | BE2: =Karta!BO2 | ... CF2: =Karta!CP2
A3: .z04 | E3: =VLOOKUP(A3,Listy!A:C,2,FALSE) & " : " & VLOOKUP(A3,Listy!A:C,3,FALSE)
A4: 1 | B4: a | C4: -1 | D4: =CONCATENATE(A$3,"_",A4,"_",B4,"_",C4) | E4: 1.Opracowanie koncepcji standaryzowanej bazy danych Cyfrowego Bliźniaka | I4: ACT
A5: 1 | B5: a | C5: 0 | D5: =CONCATENATE(A$3,"_",A5,"_",B5,"_",C5) | E5: Projektowanie struktury bazy danych, która zapewni jej wydajność, spójność i skalowalność | AG5: =ROUND($O5*P5,0) | AH5: =ROUND($O5*Q5,0) | AI5: =ROUND($O5*R5,0) | AJ5: =ROUND($O5*S5,0) | AK5: =ROUND($O5*T5,0) | AL5: =ROUND($O5*U5,0) | AM5: =ROUND($O5*V5,0) | AN5: =ROUND($O5*W5,0) | ... AS5: =ROUND($O5*AB5,0) | AX5: =SUM(AG5:AO5) | AY5: =AX5/160 | AZ5: =VLOOKUP(I5,Listy!$A$1:$H$9,6,FALSE) | BA5: =AY5*AZ5 | BB5: =AY5*BA5 | BI5: =BG5*BH5 | BW5: =BU5*BV5 | CA5: =BY5*BZ5 | CE5: =CC5*CD5
A6: 1 | B6: a | C6: 1 | D6: =CONCATENATE(A$3,"_",A6,"_",B6,"_",C6) | E6: Opracowanie logicznego i fizycznego modelu bazy danych, uwzględniającego wszystkie kluczowe ele-menty (np. tabele, relacje, indeksy i klucze) | F6: =IFERROR(VLOOKUP($I6,Listy!$A:$H,2,FALSE),"XXX") | G6: =IFERROR(VLOOKUP($I6,Listy!$A:$H,3,FALSE),"XXX") | H6: 1 | I6: .a03 | J6: =J1 | K6: =VLOOKUP(J6,Kalendarz!B:E,4,FALSE) | L6: =K6+N6 | M6: =J6+N6-1 | N6: 1 | O6: 160 | P6: 0 | Q6: 0 | R6: 0 | S6: 0 | T6: 0.2 | U6: 0.2 | V6: 0.2 | W6: 0.2 | X6: 0.2 | Y6: 0 | AG6: =ROUND($O6*P6,0) | AH6: =ROUND($O6*Q6,0) | AI6: =ROUND($O6*R6,0) | AJ6: =ROUND($O6*S6,0) | AK6: =ROUND($O6*T6,0) | AL6: =ROUND($O6*U6,0) | AM6: =ROUND($O6*V6,0) | AN6: =ROUND($O6*W6,0) | ... AS6: =ROUND($O6*AB6,0) | AX6: =SUM(AG6:AO6) | AY6: =AX6/160 | AZ6: =VLOOKUP(I6,Listy!$A$1:$H$9,6,FALSE) | BA6: =AY6*AZ6 | BB6: =AY6*BA6 | BI6: =BG6*BH6 | BW6: =BU6*BV6 | CA6: =BY6*BZ6 | CE6: =CC6*CD6
A7: 1 | B7: a | C7: 2 | D7: =CONCATENATE(A$3,"_",A7,"_",B7,"_",C7) | E7: Opracowanie architektury systemu, zapewniającą obsługę rosnącej ilości danych celem szybkiego i efektywnego ich przetwarzania | F7: =IFERROR(VLOOKUP($I7,Listy!$A:$H,2,FALSE),"XXX") | G7: =IFERROR(VLOOKUP($I7,Listy!$A:$H,3,FALSE),"XXX") | H7: 1 | I7: .a01 | J7: =M6+1 | K7: =VLOOKUP(J7,Kalendarz!B:E,4,FALSE) | L7: =K7+N7 | M7: =J7+N7-1 | N7: =ROUND(MAX(AG7:AO7)/Listy!$U$5,0) | O7: 20 | P7: 0 | Q7: 0 | R7: 0 | S7: 0 | T7: 0.2 | U7: 0.2 | V7: 0.2 | W7: 0.2 | X7: 0.2 | Y7: 0 | AG7: =ROUND($O7*P7,0) | AH7: =ROUND($O7*Q7,0) | AI7: =ROUND($O7*R7,0) | AJ7: =ROUND($O7*S7,0) | AK7: =ROUND($O7*T7,0) | AL7: =ROUND($O7*U7,0) | AM7: =ROUND($O7*V7,0) | AN7: =ROUND($O7*W7,0) | ... AS7: =ROUND($O7*AB7,0) | AX7: =SUM(AG7:AO7) | AY7: =AX7/160 | AZ7: =VLOOKUP(I7,Listy!$A$1:$H$9,6,FALSE) | BA7: =AY7*AZ7 | BB7: =AY7*BA7 | BI7: =BG7*BH7 | BW7: =BU7*BV7 | CA7: =BY7*BZ7 | CE7: =CC7*CD7
A8: 1 | B8: a | C8: 3 | D8: =CONCATENATE(A$3,"_",A8,"_",B8,"_",C8) | E8: Opracowanie mechanizmów do administrowania, eksploatacji i monitorowania bazy danych oraz współ-pracy z modułami planowanej platformy ICT | F8: =IFERROR(VLOOKUP($I8,Listy!$A:$H,2,FALSE),"XXX") | G8: =IFERROR(VLOOKUP($I8,Listy!$A:$H,3,FALSE),"XXX") | H8: 1 | I8: .a02 | J8: =M7+1 | K8: =VLOOKUP(J8,Kalendarz!B:E,4,FALSE) | L8: =K8+N8 | M8: =J8+N8-1 | N8: =ROUND(MAX(AG8:AO8)/Listy!$U$5,0) | O8: 20 | P8: 0 | Q8: 0 | R8: 0 | S8: 0 | T8: 0.2 | U8: 0.2 | V8: 0.2 | W8: 0.2 | X8: 0.2 | Y8: 0 | AG8: =ROUND($O8*P8,0) | AH8: =ROUND($O8*Q8,0) | AI8: =ROUND($O8*R8,0) | AJ8: =ROUND($O8*S8,0) | AK8: =ROUND($O8*T8,0) | AL8: =ROUND($O8*U8,0) | AM8: =ROUND($O8*V8,0) | AN8: =ROUND($O8*W8,0) | ... AS8: =ROUND($O8*AB8,0) | AX8: =SUM(AG8:AO8) | AY8: =AX8/160 | AZ8: =VLOOKUP(I8,Listy!$A$1:$H$9,6,FALSE) | BA8: =AY8*AZ8 | BB8: =AY8*BA8 | BI8: =BG8*BH8 | BW8: =BU8*BV8 | CA8: =BY8*BZ8 | CE8: =CC8*CD8
A9: 1 | B9: a | C9: 4 | D9: =CONCATENATE(A$3,"_",A9,"_",B9,"_",C9) | E9: Testowanie, walidacja i optymalizacja projektu struktury bazy danych | G9: =IFERROR(VLOOKUP($I9,Listy!$A:$H,3,FALSE),"XXX") | H9: 1 | I9: .a03 | J9: =M8+1 | K9: =VLOOKUP(J9,Kalendarz!B:E,4,FALSE) | L9: =K9+N9 | M9: =J9+N9-1 | N9: =ROUND(MAX(AG9:AO9)/Listy!$U$5,0) | O9: 20 | P9: 0 | Q9: 0 | R9: 0 | S9: 0 | T9: 0.2 | U9: 0.2 | V9: 0.2 | W9: 0.2 | X9: 0.2 | Y9: 0 | AG9: =ROUND($O9*P9,0) | AH9: =ROUND($O9*Q9,0) | AI9: =ROUND($O9*R9,0) | AJ9: =ROUND($O9*S9,0) | AK9: =ROUND($O9*T9,0) | AL9: =ROUND($O9*U9,0) | AM9: =ROUND($O9*V9,0) | AN9: =ROUND($O9*W9,0) | ... AS9: =ROUND($O9*AB9,0) | AX9: =SUM(AG9:AO9) | AY9: =AX9/160 | AZ9: =VLOOKUP(I9,Listy!$A$1:$H$9,6,FALSE) | BA9: =AY9*AZ9 | BB9: =AY9*BA9
A10: 1 | B10: b | C10: 0 | D10: =CONCATENATE(A$3,"_",A10,"_",B10,"_",C10) | E10: Zbieranie i przygotowanie danych w celu uzyskania pełnego obrazu operacji w magazynie i umożliwienia kompleksowych analiz | F10: =IFERROR(VLOOKUP($I10,Listy!$A:$H,2,FALSE),"XXX") | J10: =M9+1 | K10: =VLOOKUP(J10,Kalendarz!B:E,4,FALSE) | L10: =K10+N10 | M10: =J10+N10-1 | N10: =ROUND(MAX(AG10:AO10)/Listy!$U$5,0) | AG10: =ROUND($O10*P10,0) | AH10: =ROUND($O10*Q10,0) | AI10: =ROUND($O10*R10,0) | AJ10: =ROUND($O10*S10,0) | AK10: =ROUND($O10*T10,0) | AL10: =ROUND($O10*U10,0) | AM10: =ROUND($O10*V10,0) | AN10: =ROUND($O10*W10,0) | ... AS10: =ROUND($O10*AB10,0) | AX10: =SUM(AG10:AO10) | AY10: =AX10/160 | AZ10: =VLOOKUP(I10,Listy!$A$1:$H$9,6,FALSE) | BA10: =AY10*AZ10 | BB10: =AY10*BA10 | BI10: =BG10*BH10 | BW10: =BU10*BV10 | CA10: =BY10*BZ10 | CE10: =CC10*CD10
A11: 1 | B11: b | C11: 1 | D11: =CONCATENATE(A$3,"_",A11,"_",B11,"_",C11) | E11: Stworzenie procedur zbierania, analizy i przetwarzania danych | F11: =IFERROR(VLOOKUP($I11,Listy!$A:$H,2,FALSE),"XXX") | G11: =IFERROR(VLOOKUP($I11,Listy!$A:$H,3,FALSE),"XXX") | H11: 2 | I11: .a03 | J11: =M10+1 | K11: =VLOOKUP(J11,Kalendarz!B:E,4,FALSE) | L11: =K11+N11 | M11: =J11+N11-1 | N11: =ROUND(MAX(AG11:AO11)/Listy!$U$5,0) | O11: 40 | P11: 0 | Q11: 0 | R11: 0 | S11: 0 | T11: 0.2 | U11: 0.2 | V11: 0.2 | W11: 0.2 | X11: 0.2 | Y11: 0 | AG11: =ROUND($O11*P11,0) | AH11: =ROUND($O11*Q11,0) | AI11: =ROUND($O11*R11,0) | AJ11: =ROUND($O11*S11,0) | AK11: =ROUND($O11*T11,0) | AL11: =ROUND($O11*U11,0) | AM11: =ROUND($O11*V11,0) | AN11: =ROUND($O11*W11,0) | ... AS11: =ROUND($O11*AB11,0) | AX11: =SUM(AG11:AO11) | AY11: =AX11/160 | AZ11: =VLOOKUP(I11,Listy!$A$1:$H$9,6,FALSE) | BA11: =AY11*AZ11 | BB11: =AY11*BA11 | BI11: =BG11*BH11 | BW11: =BU11*BV11 | CA11: =BY11*BZ11 | CE11: =CC11*CD11
A12: 1 | B12: b | C12: 2 | D12: =CONCATENATE(A$3,"_",A12,"_",B12,"_",C12) | E12: Pozyskanie danych z różnych źródeł, np. systemy WMS, ERP, SSI | F12: =IFERROR(VLOOKUP($I12,Listy!$A:$H,2,FALSE),"XXX") | G12: =IFERROR(VLOOKUP($I12,Listy!$A:$H,3,FALSE),"XXX") | H12: 2 | I12: .a01 | J12: =M11+1 | K12: =VLOOKUP(J12,Kalendarz!B:E,4,FALSE) | L12: =K12+N12 | M12: =J12+N12-1 | N12: 1 | O12: 80 | P12: 0 | Q12: 0 | R12: 0 | S12: 0 | T12: 0.2 | U12: 0.2 | V12: 0.2 | W12: 0.2 | X12: 0.2 | Y12: 0 | AG12: =ROUND($O12*P12,0) | AH12: =ROUND($O12*Q12,0) | AI12: =ROUND($O12*R12,0) | AJ12: =ROUND($O12*S12,0) | AK12: =ROUND($O12*T12,0) | AL12: =ROUND($O12*U12,0) | AM12: =ROUND($O12*V12,0) | AN12: =ROUND($O12*W12,0) | ... AS12: =ROUND($O12*AB12,0) | AX12: =SUM(AG12:AO12) | AY12: =AX12/160 | AZ12: =VLOOKUP(I12,Listy!$A$1:$H$9,6,FALSE) | BA12: =AY12*AZ12 | BB12: =AY12*BA12 | BI12: =BG12*BH12 | BW12: =BU12*BV12 | CA12: =BY12*BZ12 | CE12: =CC12*CD12
A13: 1 | B13: b | C13: 3 | D13: =CONCATENATE(A$3,"_",A13,"_",B13,"_",C13) | E13: Identyfikacja aktualnie przypisywanych atrybutów do rekordów/obiektów w WMS/ERP | F13: =IFERROR(VLOOKUP($I13,Listy!$A:$H,2,FALSE),"XXX") | G13: =IFERROR(VLOOKUP($I13,Listy!$A:$H,3,FALSE),"XXX") | H13: 2 | I13: .a03 | J13: =M12+1 | K13: =VLOOKUP(J13,Kalendarz!B:E,4,FALSE) | L13: =K13+N13 | M13: =J13+N13-1 | N13: 1 | O13: 60 | P13: 0 | Q13: 0 | R13: 0 | S13: 0 | T13: 0.2 | U13: 0.2 | V13: 0.2 | W13: 0.2 | X13: 0.2 | Y13: 0 | AG13: =ROUND($O13*P13,0) | AH13: =ROUND($O13*Q13,0) | AI13: =ROUND($O13*R13,0) | AJ13: =ROUND($O13*S13,0) | AK13: =ROUND($O13*T13,0) | AL13: =ROUND($O13*U13,0) | AM13: =ROUND($O13*V13,0) | AN13: =ROUND($O13*W13,0) | ... AS13: =ROUND($O13*AB13,0) | AX13: =SUM(AG13:AO13) | AY13: =AX13/160 | AZ13: =VLOOKUP(I13,Listy!$A$1:$H$9,6,FALSE) | BA13: =AY13*AZ13 | BB13: =AY13*BA13 | BI13: =BG13*BH13 | BW13: =BU13*BV13 | CA13: =BY13*BZ13 | CE13: =CC13*CD13
A14: 1 | B14: b | C14: 4 | D14: =CONCATENATE(A$3,"_",A14,"_",B14,"_",C14) | E14: Opracowanie założeń modeli, schematów, organizacji i prezentacji danych wejściowych | F14: =IFERROR(VLOOKUP($I14,Listy!$A:$H,2,FALSE),"XXX") | G14: =IFERROR(VLOOKUP($I14,Listy!$A:$H,3,FALSE),"XXX") | H14: 2 | I14: .a04 | J14: =M13+1 | K14: =VLOOKUP(J14,Kalendarz!B:E,4,FALSE) | L14: =K14+N14 | M14: =J14+N14-1 | N14: 1 | O14: 80 | P14: 0 | Q14: 0 | R14: 0 | S14: 0 | T14: 0.2 | U14: 0.2 | V14: 0.2 | W14: 0.2 | X14: 0.2 | Y14: 0 | AG14: =ROUND($O14*P14,0) | AH14: =ROUND($O14*Q14,0) | AI14: =ROUND($O14*R14,0) | AJ14: =ROUND($O14*S14,0) | AK14: =ROUND($O14*T14,0) | AL14: =ROUND($O14*U14,0) | AM14: =ROUND($O14*V14,0) | AN14: =ROUND($O14*W14,0) | ... AS14: =ROUND($O14*AB14,0) | AX14: =SUM(AG14:AO14) | AY14: =AX14/160 | AZ14: =VLOOKUP(I14,Listy!$A$1:$H$9,6,FALSE) | BA14: =AY14*AZ14 | BB14: =AY14*BA14 | BI14: =BG14*BH14 | BW14: =BU14*BV14 | CA14: =BY14*BZ14 | CE14: =CC14*CD14
A15: 1 | B15: c | C15: 1 | D15: =CONCATENATE(A$3,"_",A15,"_",B15,"_",C15) | E15: Zgromadzenie danych historycznych (ostatnie 3 lata), dot. procesów omawianych w ramach niniejszego pro-jektu | F15: =IFERROR(VLOOKUP($I15,Listy!$A:$H,2,FALSE),"XXX") | G15: =IFERROR(VLOOKUP($I15,Listy!$A:$H,3,FALSE),"XXX") | H15: 3 | I15: .a02 | J15: =M14+1 | K15: =VLOOKUP(J15,Kalendarz!B:E,4,FALSE) | L15: =K15+N15 | M15: =J15+N15-1 | N15: =ROUND(MAX(AG15:AO15)/Listy!$U$5,0) | O15: 40 | P15: 0 | Q15: 0 | R15: 0 | S15: 0 | T15: 0.2 | U15: 0.2 | V15: 0.2 | W15: 0.2 | X15: 0.2 | Y15: 0 | AG15: =ROUND($O15*P15,0) | AH15: =ROUND($O15*Q15,0) | AI15: =ROUND($O15*R15,0) | AJ15: =ROUND($O15*S15,0) | AK15: =ROUND($O15*T15,0) | AL15: =ROUND($O15*U15,0) | AM15: =ROUND($O15*V15,0) | AN15: =ROUND($O15*W15,0) | ... AS15: =ROUND($O15*AB15,0) | AX15: =SUM(AG15:AO15) | AY15: =AX15/160 | AZ15: =VLOOKUP(I15,Listy!$A$1:$H$9,6,FALSE) | BA15: =AY15*AZ15 | BB15: =AY15*BA15 | BI15: =BG15*BH15 | BW15: =BU15*BV15 | CA15: =BY15*BZ15 | CE15: =CC15*CD15
A16: 1 | B16: d | C16: 1 | D16: =CONCATENATE(A$3,"_",A16,"_",B16,"_",C16) | E16: Oczyszczanie, normalizacja, konwersja i standaryzacja danych (procedury ETL), w tym usuwanie duplikatów i korekcji błędów, do jednolitego formatu na potrzeby dokładności analiz i predykcji, spójności i możliwość ła-twego przetwarzania, | H16: 4 | J16: =M15+1 | K16: =VLOOKUP(J16,Kalendarz!B:E,4,FALSE) | L16: =K16+N16 | M16: =J16+N16-1 | N16: 1 | O16: 80 | P16: 0 | Q16: 0 | R16: 0 | S16: 0 | T16: 0.2 | U16: 0.2 | V16: 0.2 | W16: 0.2 | X16: 0.2 | Y16: 0 | AG16: =ROUND($O16*P16,0) | AH16: =ROUND($O16*Q16,0) | AI16: =ROUND($O16*R16,0) | AJ16: =ROUND($O16*S16,0) | AK16: =ROUND($O16*T16,0) | AL16: =ROUND($O16*U16,0) | AM16: =ROUND($O16*V16,0) | AN16: =ROUND($O16*W16,0) | ... AS16: =ROUND($O16*AB16,0)
A17: 2 | B17: a | C17: 0 | D17: =CONCATENATE(A$3,"_",A17,"_",B17,"_",C17) | E17: 2.Implementacja BDCB w infrastrukturze Wnioskodawcy w oparciu o wybrane platformy bazodanowe, np. Orac-le, MSSQL, MySQL | F17: =IFERROR(VLOOKUP($I17,Listy!$A:$H,2,FALSE),"XXX") | G17: =IFERROR(VLOOKUP($I17,Listy!$A:$H,3,FALSE),"XXX") | I17: .a01 | J17: =M16+1 | K17: =VLOOKUP(J17,Kalendarz!B:E,4,FALSE) | L17: =K17+N17 | M17: =J17+N17-1 | N17: =ROUND(MAX(AG17:AO17)/Listy!$U$5,0) | AG17: =ROUND($O17*P17,0) | AH17: =ROUND($O17*Q17,0) | AI17: =ROUND($O17*R17,0) | AJ17: =ROUND($O17*S17,0) | AK17: =ROUND($O17*T17,0) | AL17: =ROUND($O17*U17,0) | AM17: =ROUND($O17*V17,0) | AN17: =ROUND($O17*W17,0) | ... AS17: =ROUND($O17*AB17,0) | AX17: =SUM(AG17:AO17) | AY17: =AX17/160 | AZ17: =VLOOKUP(I17,Listy!$A$1:$H$9,6,FALSE) | BA17: =AY17*AZ17 | BB17: =AY17*BA17 | BI17: =BG17*BH17 | BW17: =BU17*BV17 | CA17: =BY17*BZ17 | CE17: =CC17*CD17
A18: 2 | B18: a | C18: 1 | D18: =CONCATENATE(A$3,"_",A18,"_",B18,"_",C18) | E18: Testowanie i walidacja platform bazodanowych (testy funkcjonalne i wydajnościowe, w tym obciążeniowe i regresyjne) jest kluczowe dla zapewnienia, że baza danych działa zgodnie z wymaganiami i jest gotowa do użycia | F18: =IFERROR(VLOOKUP($I18,Listy!$A:$H,2,FALSE),"XXX") | G18: =IFERROR(VLOOKUP($I18,Listy!$A:$H,3,FALSE),"XXX") | H18: 5 | I18: .a03 | J18: =M17+1 | K18: =VLOOKUP(J18,Kalendarz!B:E,4,FALSE) | L18: =K18+N18 | M18: =J18+N18-1 | N18: 1 | O18: 80 | P18: 0 | Q18: 0 | R18: 0 | S18: 0 | T18: 0.2 | U18: 0.2 | V18: 0.2 | W18: 0.2 | X18: 0.2 | Y18: 0 | AG18: =ROUND($O18*P18,0) | AH18: =ROUND($O18*Q18,0) | AI18: =ROUND($O18*R18,0) | AJ18: =ROUND($O18*S18,0) | AK18: =ROUND($O18*T18,0) | AL18: =ROUND($O18*U18,0) | AM18: =ROUND($O18*V18,0) | AN18: =ROUND($O18*W18,0) | ... AS18: =ROUND($O18*AB18,0) | AX18: =SUM(AG18:AO18) | AY18: =AX18/160 | AZ18: =VLOOKUP(I18,Listy!$A$1:$H$9,6,FALSE) | BA18: =AY18*AZ18 | BB18: =AY18*BA18 | BI18: =BG18*BH18 | BW18: =BU18*BV18 | CA18: =BY18*BZ18 | CE18: =CC18*CD18
A19: 2 | B19: b | C19: 2 | D19: =CONCATENATE(A$3,"_",A19,"_",B19,"_",C19) | E19: Wybór platformy bazodanowej na podstawie testów wydajnościowych BDCB | F19: =IFERROR(VLOOKUP($I19,Listy!$A:$H,2,FALSE),"XXX") | G19: =IFERROR(VLOOKUP($I19,Listy!$A:$H,3,FALSE),"XXX") | H19: 5 | I19: .a04 | J19: =M18+1 | K19: =VLOOKUP(J19,Kalendarz!B:E,4,FALSE) | L19: =K19+N19 | M19: =J19+N19-1 | N19: =ROUND(MAX(AG19:AO19)/Listy!$U$5,0) | O19: 8 | P19: 0 | Q19: 0 | R19: 0 | S19: 0 | T19: 0.2 | U19: 0.2 | V19: 0.2 | W19: 0.2 | X19: 0.2 | Y19: 0 | AG19: =ROUND($O19*P19,0) | AH19: =ROUND($O19*Q19,0) | AI19: =ROUND($O19*R19,0) | AJ19: =ROUND($O19*S19,0) | AK19: =ROUND($O19*T19,0) | AL19: =ROUND($O19*U19,0) | AM19: =ROUND($O19*V19,0) | AN19: =ROUND($O19*W19,0) | ... AS19: =ROUND($O19*AB19,0) | AX19: =SUM(AG19:AO19) | AY19: =AX19/160 | AZ19: =VLOOKUP(I19,Listy!$A$1:$H$9,6,FALSE) | BA19: =AY19*AZ19 | BB19: =AY19*BA19 | BI19: =BG19*BH19 | BW19: =BU19*BV19 | CA19: =BY19*BZ19 | CE19: =CC19*CD19
A20: 2 | B20: c | C20: 3 | D20: =CONCATENATE(A$3,"_",A20,"_",B20,"_",C20) | E20: Wybór odpowiedniej platformy technologicznej zapewniającej skalowalność, bezpieczeństwo i wydajność analiz AI/ML | F20: =IFERROR(VLOOKUP($I20,Listy!$A:$H,2,FALSE),"XXX") | G20: =IFERROR(VLOOKUP($I20,Listy!$A:$H,3,FALSE),"XXX") | H20: 5 | I20: .a02 | J20: =M19+1 | K20: =VLOOKUP(J20,Kalendarz!B:E,4,FALSE) | L20: =K20+N20 | M20: =J20+N20-1 | N20: =ROUND(MAX(AG20:AO20)/Listy!$U$5,0) | O20: 8 | P20: 0 | Q20: 0 | R20: 0 | S20: 0 | T20: 0.2 | U20: 0.2 | V20: 0.2 | W20: 0.2 | X20: 0.2 | Y20: 0 | AG20: =ROUND($O20*P20,0) | AH20: =ROUND($O20*Q20,0) | AI20: =ROUND($O20*R20,0) | AJ20: =ROUND($O20*S20,0) | AK20: =ROUND($O20*T20,0) | AL20: =ROUND($O20*U20,0) | AM20: =ROUND($O20*V20,0) | AN20: =ROUND($O20*W20,0) | ... AS20: =ROUND($O20*AB20,0) | AX20: =SUM(AG20:AO20) | AY20: =AX20/160 | AZ20: =VLOOKUP(I20,Listy!$A$1:$H$9,6,FALSE) | BA20: =AY20*AZ20 | BB20: =AY20*BA20 | BI20: =BG20*BH20 | BW20: =BU20*BV20 | CA20: =BY20*BZ20 | CE20: =CC20*CD20
A21: 2 | B21: d | C21: 4 | D21: =CONCATENATE(A$3,"_",A21,"_",B21,"_",C21) | E21: Fizyczna implementacja BDCB na platformach technologicznych (np. Google Cloud, Microsoft Azure, NVidia AI) | F21: =IFERROR(VLOOKUP($I21,Listy!$A:$H,2,FALSE),"XXX") | G21: =IFERROR(VLOOKUP($I21,Listy!$A:$H,3,FALSE),"XXX") | H21: 6 | I21: .e01 | J21: =M20+1 | K21: =VLOOKUP(J21,Kalendarz!B:E,4,FALSE) | L21: =K21+N21 | M21: =J21+N21-1 | N21: 1 | O21: 100 | P21: 0 | Q21: 0 | R21: 0 | S21: 0 | T21: 0.2 | U21: 0.2 | V21: 0.2 | W21: 0.2 | X21: 0.2 | Y21: 0 | AG21: =ROUND($O21*P21,0) | AH21: =ROUND($O21*Q21,0) | AI21: =ROUND($O21*R21,0) | AJ21: =ROUND($O21*S21,0) | AK21: =ROUND($O21*T21,0) | AL21: =ROUND($O21*U21,0) | AM21: =ROUND($O21*V21,0) | AN21: =ROUND($O21*W21,0) | ... AS21: =ROUND($O21*AB21,0) | AX21: =SUM(AG21:AO21) | AY21: =AX21/160 | AZ21: =VLOOKUP(I21,Listy!$A$1:$H$9,6,FALSE) | BA21: =AY21*AZ21 | BB21: =AY21*BA21 | BI21: =BG21*BH21 | BW21: =BU21*BV21 | CA21: =BY21*BZ21 | CE21: =CC21*CD21
A22: 2 | B22: e | C22: 5 | D22: =CONCATENATE(A$3,"_",A22,"_",B22,"_",C22) | E22: Utworzenie mechanizmu do transferu danych między infrastrukturą Wnioskodawcy a platformami technologicznymi (np. Google Cloud, Microsoft Azure, NVidia AI) | F22: =IFERROR(VLOOKUP($I22,Listy!$A:$H,2,FALSE),"XXX") | G22: =IFERROR(VLOOKUP($I22,Listy!$A:$H,3,FALSE),"XXX") | H22: 7 | I22: .a01 | J22: =M21+1 | K22: =VLOOKUP(J22,Kalendarz!B:E,4,FALSE) | L22: =K22+N22 | M22: =J22+N22-1 | N22: 1 | O22: 200 | P22: 0 | Q22: 0 | R22: 0 | S22: 0 | T22: 0.12 | U22: 0.12 | V22: 0.12 | W22: 0.12 | X22: 0.12 | Y22: 0.4 | AG22: =ROUND($O22*P22,0) | AH22: =ROUND($O22*Q22,0) | AI22: =ROUND($O22*R22,0) | AJ22: =ROUND($O22*S22,0) | AK22: =ROUND($O22*T22,0) | AL22: =ROUND($O22*U22,0) | AM22: =ROUND($O22*V22,0) | AN22: =ROUND($O22*W22,0) | ... AS22: =ROUND($O22*AB22,0) | AX22: =SUM(AG22:AO22) | AY22: =AX22/160 | AZ22: =VLOOKUP(I22,Listy!$A$1:$H$9,6,FALSE) | BA22: =AY22*AZ22 | BB22: =AY22*BA22 | BI22: =BG22*BH22 | BW22: =BU22*BV22 | CA22: =BY22*BZ22 | CE22: =CC22*CD22
A23: 3 | B23: a | C23: 1 | D23: =CONCATENATE(A$3,"_",A23,"_",B23,"_",C23) | E23: Opracowanie narzędzi do automatycznego monitorowania, wykrywających anomalie i nieprawidłowości w danych w czasie rzeczywistym, współpracujących z wybraną platformą bazodanową, przeprowadzających au-tomatyczne sprawdzanie kompletności rekordów. Flagowane będą rekordy z brakującymi danymi natychmiast po ich wprowadzeniu/aktualizacji i wysyłane powiadomienia do administratorów, gdy liczba tych rekordów przekro-czy próg 10 rekordów. Będą śledzić czas ostatniej aktualizacji każdego rekordu, flagując te, które nie były aktua-lizowane zgodnie z ustalonym harmonogramem (co 24h i generować odpowiednie alerty. | H23: 8 | J23: =M22+1 | K23: =VLOOKUP(J23,Kalendarz!B:E,4,FALSE) | L23: =K23+N23 | M23: =J23+N23-1 | N23: =ROUND(MAX(AG23:AO23)/Listy!$U$5,0) | O23: 30 | P23: 0 | Q23: 0 | R23: 0 | S23: 0 | T23: 0.2 | U23: 0.2 | V23: 0.2 | W23: 0.2 | X23: 0.2 | Y23: 0 | AG23: =ROUND($O23*P23,0) | AH23: =ROUND($O23*Q23,0) | AI23: =ROUND($O23*R23,0) | AJ23: =ROUND($O23*S23,0) | AK23: =ROUND($O23*T23,0) | AL23: =ROUND($O23*U23,0) | AM23: =ROUND($O23*V23,0) | AN23: =ROUND($O23*W23,0) | ... AS23: =ROUND($O23*AB23,0) | AX23: =SUM(AG23:AO23) | AY23: =AX23/160 | AZ23: =VLOOKUP(I23,Listy!$A$1:$H$9,6,FALSE) | BA23: =AY23*AZ23 | BB23: =AY23*BA23
A24: 4 | B24: a | C24: 0 | D24: =CONCATENATE(A$3,"_",A24,"_",B24,"_",C24) | E24: 4.Połączenie BDCB z wybranym systemem AI/ML, co pozwoli na zbadanie potencjału zaawansowanych me-tod analitycznych AI/ML w celu zwiększenia wydajności procesów magazynowych. | F24: =IFERROR(VLOOKUP($I24,Listy!$A:$H,2,FALSE),"XXX") | G24: =IFERROR(VLOOKUP($I24,Listy!$A:$H,3,FALSE),"XXX") | I24: .a04 | J24: =M23+1 | K24: =VLOOKUP(J24,Kalendarz!B:E,4,FALSE) | L24: =K24+N24 | M24: =J24+N24-1 | N24: =ROUND(MAX(AG24:AO24)/Listy!$U$5,0) | AG24: =ROUND($O24*P24,0) | AH24: =ROUND($O24*Q24,0) | AI24: =ROUND($O24*R24,0) | AJ24: =ROUND($O24*S24,0) | AK24: =ROUND($O24*T24,0) | AL24: =ROUND($O24*U24,0) | AM24: =ROUND($O24*V24,0) | AN24: =ROUND($O24*W24,0) | ... AS24: =ROUND($O24*AB24,0) | AX24: =SUM(AG24:AO24) | AY24: =AX24/160 | AZ24: =VLOOKUP(I24,Listy!$A$1:$H$9,6,FALSE) | BA24: =AY24*AZ24 | BB24: =AY24*BA24 | BI24: =BG24*BH24 | BW24: =BU24*BV24 | CA24: =BY24*BZ24 | CE24: =CC24*CD24
A25: 4 | B25: a | C25: 1 | D25: =CONCATENATE(A$3,"_",A25,"_",B25,"_",C25) | E25: Zaimportowanie BDCB w środowisku wybranej platformy AI/ML | F25: =IFERROR(VLOOKUP($I25,Listy!$A:$H,2,FALSE),"XXX") | G25: =IFERROR(VLOOKUP($I25,Listy!$A:$H,3,FALSE),"XXX") | H25: 8 | I25: .a02 | J25: =M24+1 | K25: =VLOOKUP(J25,Kalendarz!B:E,4,FALSE) | L25: =K25+N25 | M25: =J25+N25-1 | N25: =ROUND(MAX(AG25:AO25)/Listy!$U$5,0) | O25: 40 | P25: 0 | Q25: 0 | R25: 0 | S25: 0 | T25: 0.2 | U25: 0.2 | V25: 0.2 | W25: 0.2 | X25: 0.2 | Y25: 0 | AG25: =ROUND($O25*P25,0) | AH25: =ROUND($O25*Q25,0) | AI25: =ROUND($O25*R25,0) | AJ25: =ROUND($O25*S25,0) | AK25: =ROUND($O25*T25,0) | AL25: =ROUND($O25*U25,0) | AM25: =ROUND($O25*V25,0) | AN25: =ROUND($O25*W25,0) | ... AS25: =ROUND($O25*AB25,0) | AX25: =SUM(AG25:AO25) | AY25: =AX25/160 | AZ25: =VLOOKUP(I25,Listy!$A$1:$H$9,6,FALSE) | BA25: =AY25*AZ25 | BB25: =AY25*BA25 | BI25: =BG25*BH25 | BW25: =BU25*BV25 | CA25: =BY25*BZ25 | CE25: =CC25*CD25
A26: 4 | B26: b | C26: 1 | D26: =CONCATENATE(A$3,"_",A26,"_",B26,"_",C26) | E26: Sprawdzenie i potwierdzenie poprawności zaimplementowanych danych. Określenie zestawu danych testowych i referencyjnych do dalszych analiz | F26: =IFERROR(VLOOKUP($I26,Listy!$A:$H,2,FALSE),"XXX") | G26: =IFERROR(VLOOKUP($I26,Listy!$A:$H,3,FALSE),"XXX") | H26: 8 | I26: .a03 | J26: =M25+1 | K26: =VLOOKUP(J26,Kalendarz!B:E,4,FALSE) | L26: =K26+N26 | M26: =J26+N26-1 | N26: =ROUND(MAX(AG26:AO26)/Listy!$U$5,0) | O26: 40 | P26: 0 | Q26: 0 | R26: 0 | S26: 0 | T26: 0.2 | U26: 0.2 | V26: 0.2 | W26: 0.2 | X26: 0.2 | Y26: 0 | AG26: =ROUND($O26*P26,0) | AH26: =ROUND($O26*Q26,0) | AI26: =ROUND($O26*R26,0) | AJ26: =ROUND($O26*S26,0) | AK26: =ROUND($O26*T26,0) | AL26: =ROUND($O26*U26,0) | AM26: =ROUND($O26*V26,0) | AN26: =ROUND($O26*W26,0) | ... AS26: =ROUND($O26*AB26,0) | AX26: =SUM(AG26:AO26) | AY26: =AX26/160 | AZ26: =VLOOKUP(I26,Listy!$A$1:$H$9,6,FALSE) | BA26: =AY26*AZ26 | BB26: =AY26*BA26 | BI26: =BG26*BH26 | BW26: =BU26*BV26 | CA26: =BY26*BZ26 | CE26: =CC26*CD26
A27: 4 | B27: c | C27: 1 | D27: =CONCATENATE(A$3,"_",A27,"_",B27,"_",C27) | E27: Stworzenie zautomatyzowanego systemu aktualizacji danych BDCB zintegrowanej z platformą. | F27: =IFERROR(VLOOKUP($I27,Listy!$A:$H,2,FALSE),"XXX") | G27: =IFERROR(VLOOKUP($I27,Listy!$A:$H,3,FALSE),"XXX") | H27: 8 | I27: .a01 | J27: =M26+1 | K27: =VLOOKUP(J27,Kalendarz!B:E,4,FALSE) | L27: =K27+N27 | M27: =J27+N27-1 | N27: 1 | O27: 80 | P27: 0 | Q27: 0 | R27: 0 | S27: 0 | T27: 0.2 | U27: 0.2 | V27: 0.2 | W27: 0.2 | X27: 0.2 | Y27: 0 | AG27: =ROUND($O27*P27,0) | AH27: =ROUND($O27*Q27,0) | AI27: =ROUND($O27*R27,0) | AJ27: =ROUND($O27*S27,0) | AK27: =ROUND($O27*T27,0) | AL27: =ROUND($O27*U27,0) | AM27: =ROUND($O27*V27,0) | AN27: =ROUND($O27*W27,0) | ... AS27: =ROUND($O27*AB27,0) | AX27: =SUM(AG27:AO27) | AY27: =AX27/160 | AZ27: =VLOOKUP(I27,Listy!$A$1:$H$9,6,FALSE) | BA27: =AY27*AZ27 | BB27: =AY27*BA27 | BI27: =BG27*BH27 | BW27: =BU27*BV27 | CA27: =BY27*BZ27 | CE27: =CC27*CD27
A28: 5 | B28: a | C28: 1 | D28: =CONCATENATE(A$3,"_",A28,"_",B28,"_",C28) | E28: 5.Opracowanie procedur/strategii bezpieczeństwa i zarządzania BDCB | F28: =IFERROR(VLOOKUP($I28,Listy!$A:$H,2,FALSE),"XXX") | G28: =IFERROR(VLOOKUP($I28,Listy!$A:$H,3,FALSE),"XXX") | H28: 9 | I28: .a03 | J28: =M27+1 | K28: =VLOOKUP(J28,Kalendarz!B:E,4,FALSE) | L28: =K28+N28 | M28: =J28+N28-1 | N28: =ROUND(MAX(AG28:AO28)/Listy!$U$5,0) | O28: 20 | P28: 0 | Q28: 0 | R28: 0 | S28: 0 | T28: 0.2 | U28: 0.2 | V28: 0.2 | W28: 0.2 | X28: 0.2 | Y28: 0 | AG28: =ROUND($O28*P28,0) | AH28: =ROUND($O28*Q28,0) | AI28: =ROUND($O28*R28,0) | AJ28: =ROUND($O28*S28,0) | AK28: =ROUND($O28*T28,0) | AL28: =ROUND($O28*U28,0) | AM28: =ROUND($O28*V28,0) | AN28: =ROUND($O28*W28,0) | ... AS28: =ROUND($O28*AB28,0) | AX28: =SUM(AG28:AO28) | AY28: =AX28/160 | AZ28: =VLOOKUP(I28,Listy!$A$1:$H$9,6,FALSE) | BA28: =AY28*AZ28 | BB28: =AY28*BA28 | BI28: =BG28*BH28
A29: 6 | B29: a | C29: 1 | D29: =CONCATENATE(A$3,"_",A29,"_",B29,"_",C29) | E29: 6.Opracowanie dokumentacji BDCB | F29: =IFERROR(VLOOKUP($I29,Listy!$A:$H,2,FALSE),"XXX") | G29: =IFERROR(VLOOKUP($I29,Listy!$A:$H,3,FALSE),"XXX") | H29: 10 | I29: .a03 | J29: =M28+1 | K29: =VLOOKUP(J29,Kalendarz!B:E,4,FALSE) | L29: =K29+N29 | M29: =J29+N29-1 | N29: 1 | O29: 60 | P29: 0 | Q29: 0 | R29: 0 | S29: 0 | T29: 0.2 | U29: 0.2 | V29: 0.2 | W29: 0.2 | X29: 0.2 | Y29: 0 | AG29: =ROUND($O29*P29,0) | AH29: =ROUND($O29*Q29,0) | AI29: =ROUND($O29*R29,0) | AJ29: =ROUND($O29*S29,0) | AK29: =ROUND($O29*T29,0) | AL29: =ROUND($O29*U29,0) | AM29: =ROUND($O29*V29,0) | AN29: =ROUND($O29*W29,0) | ... AW29: =ROUND($O29*AF29,0) | AX29: =SUM(AG29:AO29) | AY29: =AX29/160 | AZ29: =VLOOKUP(I29,Listy!$A$1:$H$9,6,FALSE) | BA29: =AY29*AZ29 | BB29: =AY29*BA29 | BI29: =BG29*BH29
A30: Łącznie | AG30: =SUM(AG$3:AG29) | AH30: =SUM(AH$3:AH29) | AI30: =SUM(AI$3:AI29) | AJ30: =SUM(AJ$3:AJ29) | AK30: =SUM(AK$3:AK29) | AL30: =SUM(AL$3:AL29) | AM30: =SUM(AM$3:AM29) | AN30: =SUM(AN$3:AN29) | ... AX30: =SUM(AX$3:AX29)
AG31: =Listy!$AA$1&AG30/20 | AH31: =Listy!$AA$1&AH30/20 | AI31: =Listy!$AA$1&AI30/20 | AJ31: =Listy!$AA$1&AJ30/20 | AK31: =Listy!$AA$1&AK30/20 | AL31: =Listy!$AA$1&AL30/20 | AM31: =Listy!$AA$1&AM30/20 | AN31: =Listy!$AA$1&AN30/20 | ... AX31: =Listy!$AA$1&AX30/20

Sheet III_Model_PT
E1: HARMONOGRAM SKOMPRESOWANY v1 | 01.01.2027 – 28.09.2029 | Kompresja −40% per zadanie | Endava +5 etatów | AGH +4 etatów | J1: =II_Baza_BDP!M1+1 | K1: równolegle z Zadaniem V | M1: =MAX(M3:M9999) | N1: =SUM(N$4:N$999) | O1: =SUM(O$4:O$999) | P1: =AG1 | Q1: =AH1 | R1: =AI1 | S1: =AJ1 | T1: =AK1 | U1: =AL1 | V1: =AM1 | W1: =AN1 | ... AF1: =AW1 | AG1: =Listy!$AB$1 & MAX(AG$3:AG99) | AH1: =Listy!$AB$1 & MAX(AH$3:AH99) | AI1: =Listy!$AB$1 & MAX(AI$3:AI99) | AJ1: =Listy!$AB$1 & MAX(AJ$3:AJ99) | AK1: =Listy!$AB$1 & MAX(AK$3:AK99) | AL1: =Listy!$AB$1 & MAX(AL$3:AL99) | AM1: =Listy!$AB$1 & MAX(AM$3:AM99) | AN1: =Listy!$AB$1 & MAX(AN$3:AN99) | ... AW1: =Listy!$AB$1 & MAX(AW$3:AW99) | AX1: =#REF!
A2: =Karta!A2 | B2: =Karta!B2 | C2: =Karta!C2 | D2: =Karta!D2 | E2: =Karta!E2 | F2: =Karta!F2 | G2: =Karta!G2 | H2: =Karta!H2 | ... AB2: =Karta!AB2 | AC2: =Karta!AG2 | AD2: =Karta!AH2 | AE2: =Karta!AI2 | AF2: =Karta!AJ2 | AG2: =Karta!AL2 | AH2: =Karta!AM2 | AI2: =Karta!AN2 | AJ2: =Karta!AO2 | AK2: =Karta!AP2 | AL2: =Karta!AQ2 | AM2: =Karta!AR2 | AN2: =Karta!AS2 | ... AS2: =Karta!AX2 | AT2: =Karta!BC2 | AU2: =Karta!BD2 | AV2: =Karta!BE2 | AW2: =Karta!BF2 | AX2: =Karta!BH2 | AY2: =Karta!BI2 | AZ2: =Karta!BJ2 | BA2: =Karta!BK2 | BB2: =Karta!BL2 | BC2: =Karta!BM2 | BD2: =Karta!BN2 | BE2: =Karta!BO2 | ... CF2: =Karta!CP2
A3: .z03 | E3: =VLOOKUP(A3,Listy!A:C,2,FALSE) & " : " & VLOOKUP(A3,Listy!A:C,3,FALSE)
A4: 1 | B4: a | C4: 0 | D4: =CONCATENATE(A$3,"_",A4,"_",B4,"_",C4) | E4: 1.Identyfikacja, analiza i mapowanie procesu pakowania towarów (PT | I4: ACT
A5: 1 | B5: a | C5: 1 | D5: =CONCATENATE(A$3,"_",A5,"_",B5,"_",C5) | E5: Identyfikacja i analiza kluczowych etapów PT i ich interakcji | F5: =IFERROR(VLOOKUP($I5,Listy!$A:$H,2,FALSE),"XXX") | G5: =IFERROR(VLOOKUP($I5,Listy!$A:$H,3,FALSE),"XXX") | H5: 1 | I5: .a01 | J5: =J1 | K5: =VLOOKUP(J5,Kalendarz!B:E,4,FALSE) | L5: =K5+N5 | M5: =J5+N5-1 | N5: 7 | O5: 120 | P5: 1 | Y5: 0 | Z5: 0 | AA5: 0 | AB5: 0 | AG5: =ROUND($O5*P5,0) | AH5: =ROUND($O5*Q5,0) | AI5: =ROUND($O5*R5,0) | AJ5: =ROUND($O5*S5,0) | AK5: =ROUND($O5*T5,0) | AL5: =ROUND($O5*U5,0) | AM5: =ROUND($O5*V5,0) | AN5: =ROUND($O5*W5,0) | ... AS5: =ROUND($O5*AB5,0) | AX5: =SUM(AG5:AO5) | AY5: =AX5/160 | AZ5: =VLOOKUP(I5,Listy!$A$1:$H$9,6,FALSE) | BA5: =AY5*AZ5 | BB5: =AY5*BA5 | BI5: =BG5*BH5 | BW5: =BU5*BV5 | CA5: =BY5*BZ5 | CE5: =CC5*CD5
A6: 1 | B6: b | C6: 1 | D6: =CONCATENATE(A$3,"_",A6,"_",B6,"_",C6) | E6: Określenie wskaźników KPI do oceny efektywności symulacji | F6: =IFERROR(VLOOKUP($I6,Listy!$A:$H,2,FALSE),"XXX") | G6: =IFERROR(VLOOKUP($I6,Listy!$A:$H,3,FALSE),"XXX") | H6: 1 | I6: .a02 | J6: =M5+1 | K6: =VLOOKUP(J6,Kalendarz!B:E,4,FALSE) | L6: =K6+N6 | M6: =J6+N6-1 | N6: 0 | O6: 120 | Q6: 1 | Y6: 0 | Z6: 0 | AA6: 0 | AB6: 0 | AG6: =ROUND($O6*P6,0) | AH6: =ROUND($O6*Q6,0) | AI6: =ROUND($O6*R6,0) | AJ6: =ROUND($O6*S6,0) | AK6: =ROUND($O6*T6,0) | AL6: =ROUND($O6*U6,0) | AM6: =ROUND($O6*V6,0) | AN6: =ROUND($O6*W6,0) | ... AS6: =ROUND($O6*AB6,0) | AX6: =SUM(AG6:AO6) | AY6: =AX6/160 | AZ6: =VLOOKUP(I6,Listy!$A$1:$H$9,6,FALSE) | BA6: =AY6*AZ6 | BB6: =AY6*BA6 | BI6: =BG6*BH6 | BW6: =BU6*BV6 | CA6: =BY6*BZ6 | CE6: =CC6*CD6
A7: 1 | B7: c | C7: 1 | D7: =CONCATENATE(A$3,"_",A7,"_",B7,"_",C7) | E7: Analiza wydajności | F7: =IFERROR(VLOOKUP($I7,Listy!$A:$H,2,FALSE),"XXX") | G7: =IFERROR(VLOOKUP($I7,Listy!$A:$H,3,FALSE),"XXX") | H7: 2 | I7: .a03 | J7: =M6+1 | K7: =VLOOKUP(J7,Kalendarz!B:E,4,FALSE) | L7: =K7+N7 | M7: =J7+N7-1 | N7: 0 | O7: 120 | R7: 1 | Y7: 0 | Z7: 0 | AA7: 0 | AB7: 0 | AG7: =ROUND($O7*P7,0) | AH7: =ROUND($O7*Q7,0) | AI7: =ROUND($O7*R7,0) | AJ7: =ROUND($O7*S7,0) | AK7: =ROUND($O7*T7,0) | AL7: =ROUND($O7*U7,0) | AM7: =ROUND($O7*V7,0) | AN7: =ROUND($O7*W7,0) | ... AS7: =ROUND($O7*AB7,0) | AX7: =SUM(AG7:AO7) | AY7: =AX7/160 | AZ7: =VLOOKUP(I7,Listy!$A$1:$H$9,6,FALSE) | BA7: =AY7*AZ7 | BB7: =AY7*BA7 | BI7: =BG7*BH7 | BW7: =BU7*BV7 | CA7: =BY7*BZ7 | CE7: =CC7*CD7
A8: 1 | B8: d | C8: 1 | D8: =CONCATENATE(A$3,"_",A8,"_",B8,"_",C8) | E8: Identyfikacja wyzwań/„wąskich gardeł” | F8: =IFERROR(VLOOKUP($I8,Listy!$A:$H,2,FALSE),"XXX") | G8: =IFERROR(VLOOKUP($I8,Listy!$A:$H,3,FALSE),"XXX") | H8: 1 | I8: .a01 | J8: =M7+1 | K8: =VLOOKUP(J8,Kalendarz!B:E,4,FALSE) | L8: =K8+N8 | M8: =J8+N8-1 | N8: 0 | O8: 120 | S8: 1 | Y8: 0 | Z8: 0 | AA8: 0 | AB8: 0 | AG8: =ROUND($O8*P8,0) | AH8: =ROUND($O8*Q8,0) | AI8: =ROUND($O8*R8,0) | AJ8: =ROUND($O8*S8,0) | AK8: =ROUND($O8*T8,0) | AL8: =ROUND($O8*U8,0) | AM8: =ROUND($O8*V8,0) | AN8: =ROUND($O8*W8,0) | ... AS8: =ROUND($O8*AB8,0) | AX8: =SUM(AG8:AO8) | AY8: =AX8/160 | AZ8: =VLOOKUP(I8,Listy!$A$1:$H$9,6,FALSE) | BA8: =AY8*AZ8 | BB8: =AY8*BA8 | BI8: =BG8*BH8 | BW8: =BU8*BV8 | CA8: =BY8*BZ8 | CE8: =CC8*CD8
A9: 1 | B9: e | C9: 1 | D9: =CONCATENATE(A$3,"_",A9,"_",B9,"_",C9) | E9: Analiza wpływu zakłóceń dostępności infrastruktury technicznej | F9: =IFERROR(VLOOKUP($I9,Listy!$A:$H,2,FALSE),"XXX") | G9: =IFERROR(VLOOKUP($I9,Listy!$A:$H,3,FALSE),"XXX") | H9: 1 | I9: .a03 | J9: =M8+1 | K9: =VLOOKUP(J9,Kalendarz!B:E,4,FALSE) | L9: =K9+N9 | M9: =J9+N9-1 | N9: 0 | O9: 120 | R9: 1 | Y9: 0 | Z9: 0 | AA9: 0 | AB9: 0 | AG9: =ROUND($O9*P9,0) | AH9: =ROUND($O9*Q9,0) | AI9: =ROUND($O9*R9,0) | AJ9: =ROUND($O9*S9,0) | AK9: =ROUND($O9*T9,0) | AL9: =ROUND($O9*U9,0) | AM9: =ROUND($O9*V9,0) | AN9: =ROUND($O9*W9,0) | ... AS9: =ROUND($O9*AB9,0) | AX9: =SUM(AG9:AO9) | AY9: =AX9/160 | AZ9: =VLOOKUP(I9,Listy!$A$1:$H$9,6,FALSE) | BA9: =AY9*AZ9 | BB9: =AY9*BA9 | BI9: =BG9*BH9 | BW9: =BU9*BV9 | CA9: =BY9*BZ9 | CE9: =CC9*CD9
A10: 1 | B10: f | C10: 1 | D10: =CONCATENATE(A$3,"_",A10,"_",B10,"_",C10) | E10: Stworzenie mapy zidentyfikowanych algorytmów/etapów PT | F10: =IFERROR(VLOOKUP($I10,Listy!$A:$H,2,FALSE),"XXX") | G10: =IFERROR(VLOOKUP($I10,Listy!$A:$H,3,FALSE),"XXX") | H10: 2 | I10: .a04 | J10: =M9+1 | K10: =VLOOKUP(J10,Kalendarz!B:E,4,FALSE) | L10: =K10+N10 | M10: =J10+N10-1 | N10: 6 | O10: 120 | S10: 1 | Y10: 0 | Z10: 0 | AA10: 0 | AB10: 0 | AG10: =ROUND($O10*P10,0) | AH10: =ROUND($O10*Q10,0) | AI10: =ROUND($O10*R10,0) | AJ10: =ROUND($O10*S10,0) | AK10: =ROUND($O10*T10,0) | AL10: =ROUND($O10*U10,0) | AM10: =ROUND($O10*V10,0) | AN10: =ROUND($O10*W10,0) | ... AS10: =ROUND($O10*AB10,0) | AX10: =SUM(AG10:AO10) | AY10: =AX10/160 | AZ10: =VLOOKUP(I10,Listy!$A$1:$H$9,6,FALSE) | BA10: =AY10*AZ10 | BB10: =AY10*BA10 | BI10: =BG10*BH10 | BW10: =BU10*BV10 | CA10: =BY10*BZ10 | CE10: =CC10*CD10
A11: 2 | B11: a | C11: 0 | D11: =CONCATENATE(A$3,"_",A11,"_",B11,"_",C11) | E11: 2.Identyfikacja rozwiązań/narzędzi AI/ML i możliwości ich wdrożenia w modelach matematycznych w obszarach: | I11: END/ACT | J11: =M10+1 | K11: =VLOOKUP(J11,Kalendarz!B:E,4,FALSE) | L11: =K11+N11 | M11: =J11+N11-1 | N11: =ROUND(MAX(AG11:AO11)/Listy!$U$2,0) | BL11: =BL12+BL13+BL14+BL16 | BO11: =BO12+BO13+BO14+BO16 | BR11: =BR12+BR13+BR14+BR16 | BS11: =BS12+BS13+BS14+BS16 | BW11: =BW12+BW13+BW14+BW15+BW16 | CA11: =CA12+CA13+CA14+CA15+CA16 | CE11: =CE12+CE13+CE14+CE15+CE16 | CF11: =AY11+BB11+BI11+BL11+BO11+BR11+BS11+BW11+CA11+CE11
A12: 2 | B12: a | C12: 1 | D12: =CONCATENATE(A$3,"_",A12,"_",B12,"_",C12) | E12: Optymalizacji sposobu układania towarów w opakowaniach, doboru rodzaju opakowań, przestrzeni pakowania (np. algorytmy genetyczne, metaheurystyczne, sieci neuronowe) | F12: =IFERROR(VLOOKUP($I12,Listy!$A:$H,2,FALSE),"XXX") | G12: =IFERROR(VLOOKUP($I12,Listy!$A:$H,3,FALSE),"XXX") | H12: 2 | I12: .a01 | J12: =M11+1 | K12: =VLOOKUP(J12,Kalendarz!B:E,4,FALSE) | L12: =K12+N12 | M12: =J12+N12-1 | N12: 1 | O12: 80 | P12: 0.5 | Q12: 0 | R12: 0 | S12: 0 | Y12: 0.5 | Z12: 0 | AA12: 0 | AB12: 0 | AG12: =ROUND($O12*P12,0) | AH12: =ROUND($O12*Q12,0) | AI12: =ROUND($O12*R12,0) | AJ12: =ROUND($O12*S12,0) | AK12: =ROUND($O12*T12,0) | AL12: =ROUND($O12*U12,0) | AM12: =ROUND($O12*V12,0) | AN12: =ROUND($O12*W12,0) | ... AS12: =ROUND($O12*AB12,0) | AX12: =SUM(AG12:AO12) | AY12: =AX12/160 | AZ12: =VLOOKUP(I12,Listy!$A$1:$H$9,6,FALSE) | BA12: =AY12*AZ12 | BB12: =AY12*BA12 | BI12: =BG12*BH12 | BL12: 0 | BO12: 0 | BR12: 0 | BS12: 0 | BW12: =BU12*BV12 | CA12: =BY12*BZ12 | CE12: =CC12*CD12
A13: 2 | B13: b | C13: 1 | D13: =CONCATENATE(A$3,"_",A13,"_",B13,"_",C13) | E13: Predykcji zapotrzebowania i zarządzania zasobami rodzajów opakowań (np. sieci neuronowe, regresja, drzewa decyzyjne) | F13: =IFERROR(VLOOKUP($I13,Listy!$A:$H,2,FALSE),"XXX") | G13: =IFERROR(VLOOKUP($I13,Listy!$A:$H,3,FALSE),"XXX") | H13: 1 | I13: .a02 | J13: =M12+1 | K13: =VLOOKUP(J13,Kalendarz!B:E,4,FALSE) | L13: =K13+N13 | M13: =J13+N13-1 | N13: 0 | O13: 80 | P13: 0 | Q13: 0.5 | R13: 0 | S13: 0 | Y13: 0 | Z13: 0.5 | AA13: 0 | AB13: 0 | AG13: =ROUND($O13*P13,0) | AH13: =ROUND($O13*Q13,0) | AI13: =ROUND($O13*R13,0) | AJ13: =ROUND($O13*S13,0) | AK13: =ROUND($O13*T13,0) | AL13: =ROUND($O13*U13,0) | AM13: =ROUND($O13*V13,0) | AN13: =ROUND($O13*W13,0) | ... AS13: =ROUND($O13*AB13,0) | AX13: =SUM(AG13:AO13) | AY13: =AX13/160 | AZ13: =VLOOKUP(I13,Listy!$A$1:$H$9,6,FALSE) | BA13: =AY13*AZ13 | BB13: =AY13*BA13 | BI13: =BG13*BH13 | BL13: =BJ13*BK13 | BO13: =BM13*BN13 | BR13: =BP13*BQ13 | BS13: =BQ13*BR13 | BW13: =BU13*BV13 | CA13: =BY13*BZ13 | CE13: =CC13*CD13
A14: 2 | B14: c | C14: 1 | D14: =CONCATENATE(A$3,"_",A14,"_",B14,"_",C14) | E14: Automatyzacji – zarządzania towarami, ruchem (np. modele głębokiego uczenia CNN, komputerowego rozpoznawania obrazu CV, skanowanie 3D) | F14: =IFERROR(VLOOKUP($I14,Listy!$A:$H,2,FALSE),"XXX") | G14: =IFERROR(VLOOKUP($I14,Listy!$A:$H,3,FALSE),"XXX") | H14: 2 | I14: .a03 | J14: =M13+1 | K14: =VLOOKUP(J14,Kalendarz!B:E,4,FALSE) | L14: =K14+N14 | M14: =J14+N14-1 | N14: =ROUND(MAX(AG14:AO14)/Listy!$U$2,0) | O14: 80 | P14: 0 | Q14: 0 | R14: 0 | S14: 0 | Y14: 0.5 | Z14: 0 | AA14: 0.5 | AB14: 0 | AG14: =ROUND($O14*P14,0) | AH14: =ROUND($O14*Q14,0) | AI14: =ROUND($O14*R14,0) | AJ14: =ROUND($O14*S14,0) | AK14: =ROUND($O14*T14,0) | AL14: =ROUND($O14*U14,0) | AM14: =ROUND($O14*V14,0) | AN14: =ROUND($O14*W14,0) | ... AS14: =ROUND($O14*AB14,0) | AX14: =SUM(AG14:AO14) | AY14: =AX14/160 | AZ14: =VLOOKUP(I14,Listy!$A$1:$H$9,6,FALSE) | BA14: =AY14*AZ14 | BB14: =AY14*BA14 | BI14: =BG14*BH14 | BJ14: skaner 3D | BL14: 100000 | BO14: 0 | BR14: 0 | BS14: 0 | BW14: =BU14*BV14 | CA14: =BY14*BZ14 | CE14: =CC14*CD14
A15: 2 | B15: d | C15: 1 | D15: =CONCATENATE(A$3,"_",A15,"_",B15,"_",C15) | E15: Symulacji procesów PT (np. systemy symulacje Monte Carlo, oparte na AI oraz modele agentowe). | F15: =IFERROR(VLOOKUP($I15,Listy!$A:$H,2,FALSE),"XXX") | G15: =IFERROR(VLOOKUP($I15,Listy!$A:$H,3,FALSE),"XXX") | I15: .a03 | J15: =M14+1 | K15: =VLOOKUP(J15,Kalendarz!B:E,4,FALSE) | L15: =K15+N15 | M15: =J15+N15-1 | N15: 2 | O15: 160 | P15: 0 | Q15: 0 | R15: 0.5 | S15: 0.5 | Y15: 0 | Z15: 0 | AA15: 0 | AB15: 0 | AG15: =ROUND($O15*P15,0) | AH15: =ROUND($O15*Q15,0) | AI15: =ROUND($O15*R15,0) | AJ15: =ROUND($O15*S15,0) | AK15: =ROUND($O15*T15,0) | AL15: =ROUND($O15*U15,0) | AM15: =ROUND($O15*V15,0) | AN15: =ROUND($O15*W15,0) | ... AS15: =ROUND($O15*AB15,0) | AX15: =SUM(AG15:AO15) | AY15: =AX15/160 | AZ15: =VLOOKUP(I15,Listy!$A$1:$H$9,6,FALSE) | BA15: =AY15*AZ15 | BB15: =AY15*BA15 | BI15: =BG15*BH15 | BW15: =BU15*BV15 | CA15: =BY15*BZ15 | CE15: =CC15*CD15
A16: 2 | B16: e | C16: 1 | D16: =CONCATENATE(A$3,"_",A16,"_",B16,"_",C16) | E16: Testy i wybór platformy technologicznej (np. Amazon SageMake, Microsoft Azure Machine Learning, OpenCV) | F16: =IFERROR(VLOOKUP($I16,Listy!$A:$H,2,FALSE),"XXX") | G16: =IFERROR(VLOOKUP($I16,Listy!$A:$H,3,FALSE),"XXX") | H16: 2 | I16: .a04 | J16: =M15+1 | K16: =VLOOKUP(J16,Kalendarz!B:E,4,FALSE) | L16: =K16+N16 | M16: =J16+N16-1 | N16: 1 | O16: 80 | P16: 0.125 | Q16: 0.125 | R16: 0.125 | S16: 0.125 | Y16: 0.25 | Z16: 0.25 | AA16: 0 | AB16: 0 | AG16: =ROUND($O16*P16,0) | AH16: =ROUND($O16*Q16,0) | AI16: =ROUND($O16*R16,0) | AJ16: =ROUND($O16*S16,0) | AK16: =ROUND($O16*T16,0) | AL16: =ROUND($O16*U16,0) | AM16: =ROUND($O16*V16,0) | AN16: =ROUND($O16*W16,0) | ... AS16: =ROUND($O16*AB16,0) | AX16: =SUM(AG16:AO16) | AY16: =AX16/160 | AZ16: =VLOOKUP(I16,Listy!$A$1:$H$9,6,FALSE) | BA16: =AY16*AZ16 | BB16: =AY16*BA16 | BI16: =BG16*BH16 | BL16: 0 | BO16: 0 | BR16: 0 | BS16: 0 | BW16: =BU16*BV16 | CA16: =BY16*BZ16 | CE16: =CC16*CD16
A17: 3 | B17: a | C17: 0 | D17: =CONCATENATE(A$3,"_",A17,"_",B17,"_",C17) | E17: 3.Projektowanie i matematyczne modelowanie procesu PT na podstawie zmapowanych mechanizmów/zjawisk/działań | J17: =M16+1 | K17: =VLOOKUP(J17,Kalendarz!B:E,4,FALSE) | L17: =K17+N17 | M17: =J17+N17-1 | N17: =ROUND(MAX(AG17:AO17)/Listy!$U$2,0) | BL17: =BL18+BL27+BL28+BL29+BL36 | BO17: =BO18+BO27+BO28+BO29+BO36 | BR17: =BR18+BR27+BR28+BR29+BR36 | BS17: =BS18+BS27+BS28+BS29+BS36 | BW17: =BW18+BW27+BW28+BW29+BW36 | CA17: =CA18+CA27+CA28+CA29+CA36 | CE17: =CE18+CE27+CE28+CE29+CE36 | CF17: =AY17+BB17+BI17+BL17+BO17+BR17+BS17+BW17+CA17+CE17
A18: 3 | B18: a | C18: 0 | D18: =CONCATENATE(A$3,"_",A18,"_",B18,"_",C18) | E18: Zdefiniowanie parametrów wej./wyj. i kluczowych zdarzeń dyskretnych | J18: =M17+1 | K18: =VLOOKUP(J18,Kalendarz!B:E,4,FALSE) | L18: =K18+N18 | M18: =J18+N18-1 | N18: =ROUND(MAX(AG18:AO18)/Listy!$U$2,0) | BW18: =BU18*BV18 | CA18: =BY18*BZ18 | CE18: =CC18*CD18
A19: 3 | B19: a | C19: 1 | D19: =CONCATENATE(A$3,"_",A19,"_",B19,"_",C19) | E19: Zdefiniowanie parametrów wejściowych | F19: =IFERROR(VLOOKUP($I19,Listy!$A:$H,2,FALSE),"XXX") | H19: 3 | I19: ACT/END | J19: =M18+1 | K19: =VLOOKUP(J19,Kalendarz!B:E,4,FALSE) | L19: =K19+N19 | M19: =J19+N19-1 | N19: 1 | O19: 80 | P19: 0 | Q19: 0 | R19: 0 | S19: 0.5 | Y19: 0 | Z19: 0 | AA19: 0.5 | AB19: 0 | AG19: =ROUND($O19*P19,0) | AH19: =ROUND($O19*Q19,0) | AI19: =ROUND($O19*R19,0) | AJ19: =ROUND($O19*S19,0) | AK19: =ROUND($O19*T19,0) | AL19: =ROUND($O19*U19,0) | AM19: =ROUND($O19*V19,0) | AN19: =ROUND($O19*W19,0) | ... AS19: =ROUND($O19*AB19,0) | AX19: =SUM(AG19:AO19) | AY19: =AX19/160 | AZ19: =VLOOKUP(I19,Listy!$A$1:$H$9,6,FALSE) | BA19: =AY19*AZ19 | BB19: =AY19*BA19 | BI19: =BG19*BH19 | BW19: =BU19*BV19 | CA19: =BY19*BZ19 | CE19: =CC19*CD19
A20: 3 | B20: a | C20: 1 | D20: =CONCATENATE(A$3,"_",A20,"_",B20,"_",C20) | E20: Zdefiniowanie parametrów wyjściowych | F20: =IFERROR(VLOOKUP($I20,Listy!$A:$H,2,FALSE),"XXX") | H20: 3 | I20: ACT/END | J20: =M19+1 | K20: =VLOOKUP(J20,Kalendarz!B:E,4,FALSE) | L20: =K20+N20 | M20: =J20+N20-1 | N20: 0 | O20: 80 | P20: 0 | Q20: 0 | R20: 0.5 | S20: 0 | Y20: 0 | Z20: 0 | AA20: 0.5 | AB20: 0 | AG20: =ROUND($O20*P20,0) | AH20: =ROUND($O20*Q20,0) | AI20: =ROUND($O20*R20,0) | AJ20: =ROUND($O20*S20,0) | AK20: =ROUND($O20*T20,0) | AL20: =ROUND($O20*U20,0) | AM20: =ROUND($O20*V20,0) | AN20: =ROUND($O20*W20,0) | ... AS20: =ROUND($O20*AB20,0) | AX20: =SUM(AG20:AO20) | AY20: =AX20/160 | AZ20: =VLOOKUP(I20,Listy!$A$1:$H$9,6,FALSE) | BA20: =AY20*AZ20 | BB20: =AY20*BA20 | BI20: =BG20*BH20 | BW20: =BU20*BV20 | CA20: =BY20*BZ20 | CE20: =CC20*CD20
A21: 3 | B21: a | C21: 1 | D21: =CONCATENATE(A$3,"_",A21,"_",B21,"_",C21) | E21: Badania eksploracyjne dostepnych danych | F21: =IFERROR(VLOOKUP($I21,Listy!$A:$H,2,FALSE),"XXX") | G21: END | H21: 3 | I21: .e01 | J21: =M20+1 | K21: =VLOOKUP(J21,Kalendarz!B:E,4,FALSE) | L21: =K21+N21 | M21: =J21+N21-1 | N21: 0 | O21: 80 | P21: 0.5 | Q21: 0 | R21: 0 | S21: 0 | Y21: 0.5 | Z21: 0 | AA21: 0 | AB21: 0 | AG21: =ROUND($O21*P21,0) | AH21: =ROUND($O21*Q21,0) | AI21: =ROUND($O21*R21,0) | AJ21: =ROUND($O21*S21,0) | AK21: =ROUND($O21*T21,0) | AL21: =ROUND($O21*U21,0) | AM21: =ROUND($O21*V21,0) | AN21: =ROUND($O21*W21,0) | ... AS21: =ROUND($O21*AB21,0) | AX21: =SUM(AG21:AO21) | AY21: =AX21/160 | AZ21: =VLOOKUP(I21,Listy!$A$1:$H$9,6,FALSE) | BA21: =AY21*AZ21 | BB21: =AY21*BA21
A22: 3 | B22: a | C22: 1 | D22: =CONCATENATE(A$3,"_",A22,"_",B22,"_",C22) | E22: Analiza jakościowa danych/określenie jakości danych | F22: =IFERROR(VLOOKUP($I22,Listy!$A:$H,2,FALSE),"XXX") | G22: END | H22: 3 | I22: .e02 | J22: =M21+1 | K22: =VLOOKUP(J22,Kalendarz!B:E,4,FALSE) | L22: =K22+N22 | M22: =J22+N22-1 | N22: 0 | O22: 80 | P22: 0 | Q22: 0.5 | R22: 0 | S22: 0 | Y22: 0 | Z22: 0 | AA22: 0.5 | AB22: 0 | AG22: =ROUND($O22*P22,0) | AH22: =ROUND($O22*Q22,0) | AI22: =ROUND($O22*R22,0) | AJ22: =ROUND($O22*S22,0) | AK22: =ROUND($O22*T22,0) | AL22: =ROUND($O22*U22,0) | AM22: =ROUND($O22*V22,0) | AN22: =ROUND($O22*W22,0) | ... AS22: =ROUND($O22*AB22,0) | AX22: =SUM(AG22:AO22) | AY22: =AX22/160 | AZ22: =VLOOKUP(I22,Listy!$A$1:$H$9,6,FALSE) | BA22: =AY22*AZ22 | BB22: =AY22*BA22
A23: 3 | B23: a | C23: 1 | D23: =CONCATENATE(A$3,"_",A23,"_",B23,"_",C23) | E23: Zdefiniowanie relacji i korelacji danych | F23: =IFERROR(VLOOKUP($I23,Listy!$A:$H,2,FALSE),"XXX") | G23: END | H23: 4 | I23: .e03 | J23: =M22+1 | K23: =VLOOKUP(J23,Kalendarz!B:E,4,FALSE) | L23: =K23+N23 | M23: =J23+N23-1 | N23: 1 | O23: 80 | P23: 0 | Q23: 0 | R23: 0 | S23: 0.5 | Y23: 0 | Z23: 0.5 | AA23: 0 | AB23: 0 | AG23: =ROUND($O23*P23,0) | AH23: =ROUND($O23*Q23,0) | AI23: =ROUND($O23*R23,0) | AJ23: =ROUND($O23*S23,0) | AK23: =ROUND($O23*T23,0) | AL23: =ROUND($O23*U23,0) | AM23: =ROUND($O23*V23,0) | AN23: =ROUND($O23*W23,0) | ... AS23: =ROUND($O23*AB23,0) | AX23: =SUM(AG23:AO23) | AY23: =AX23/160 | AZ23: =VLOOKUP(I23,Listy!$A$1:$H$9,6,FALSE) | BA23: =AY23*AZ23 | BB23: =AY23*BA23
A24: 3 | B24: a | C24: 6 | D24: =CONCATENATE(A$3,"_",A24,"_",B24,"_",C24) | E24: Wybór danych do procesu tworzenia modelu | F24: =IFERROR(VLOOKUP($I24,Listy!$A:$H,2,FALSE),"XXX") | G24: END | H24: 4 | I24: .e01 | J24: =M23+1 | K24: =VLOOKUP(J24,Kalendarz!B:E,4,FALSE) | L24: =K24+N24 | M24: =J24+N24-1 | N24: 0 | O24: 80 | P24: 0 | Q24: 0.5 | R24: 0 | S24: 0 | Y24: 0.5 | Z24: 0 | AA24: 0 | AB24: 0 | AG24: =ROUND($O24*P24,0) | AH24: =ROUND($O24*Q24,0) | AI24: =ROUND($O24*R24,0) | AJ24: =ROUND($O24*S24,0) | AK24: =ROUND($O24*T24,0) | AL24: =ROUND($O24*U24,0) | AM24: =ROUND($O24*V24,0) | AN24: =ROUND($O24*W24,0) | ... AS24: =ROUND($O24*AB24,0) | AX24: =SUM(AG24:AO24) | AY24: =AX24/160 | AZ24: =VLOOKUP(I24,Listy!$A$1:$H$9,6,FALSE) | BA24: =AY24*AZ24 | BB24: =AY24*BA24
A25: 3 | B25: a | C25: 7 | D25: =CONCATENATE(A$3,"_",A25,"_",B25,"_",C25) | E25: Wybór danych do procesu ewaluacji modelu | F25: =IFERROR(VLOOKUP($I25,Listy!$A:$H,2,FALSE),"XXX") | G25: END | H25: 4 | I25: .e02 | J25: =M24+1 | K25: =VLOOKUP(J25,Kalendarz!B:E,4,FALSE) | L25: =K25+N25 | M25: =J25+N25-1 | N25: 0 | O25: 80 | P25: 0 | Q25: 0 | R25: 0.5 | S25: 0 | Y25: 0 | Z25: 0.5 | AA25: 0 | AB25: 0 | AG25: =ROUND($O25*P25,0) | AH25: =ROUND($O25*Q25,0) | AI25: =ROUND($O25*R25,0) | AJ25: =ROUND($O25*S25,0) | AK25: =ROUND($O25*T25,0) | AL25: =ROUND($O25*U25,0) | AM25: =ROUND($O25*V25,0) | AN25: =ROUND($O25*W25,0) | ... AS25: =ROUND($O25*AB25,0) | AX25: =SUM(AG25:AO25) | AY25: =AX25/160 | AZ25: =VLOOKUP(I25,Listy!$A$1:$H$9,6,FALSE) | BA25: =AY25*AZ25 | BB25: =AY25*BA25
A26: 3 | B26: a | C26: 8 | D26: =CONCATENATE(A$3,"_",A26,"_",B26,"_",C26) | E26: Modelowanie i przekształenie danych na potrzeby tworzenia modeli | F26: =IFERROR(VLOOKUP($I26,Listy!$A:$H,2,FALSE),"XXX") | G26: END | H26: 5 | I26: .e03 | J26: =M25+1 | K26: =VLOOKUP(J26,Kalendarz!B:E,4,FALSE) | L26: =K26+N26 | M26: =J26+N26-1 | N26: 1 | O26: 120 | P26: 0 | Q26: 0 | R26: 0 | S26: 0.333 | Y26: 0 | Z26: 0.333 | AA26: 0.333 | AB26: 0 | AG26: =ROUND($O26*P26,0) | AH26: =ROUND($O26*Q26,0) | AI26: =ROUND($O26*R26,0) | AJ26: =ROUND($O26*S26,0) | AK26: =ROUND($O26*T26,0) | AL26: =ROUND($O26*U26,0) | AM26: =ROUND($O26*V26,0) | AN26: =ROUND($O26*W26,0) | ... AS26: =ROUND($O26*AB26,0) | AX26: =SUM(AG26:AO26) | AY26: =AX26/160 | AZ26: =VLOOKUP(I26,Listy!$A$1:$H$9,6,FALSE) | BA26: =AY26*AZ26 | BB26: =AY26*BA26
A27: 3 | B27: b | C27: 1 | D27: =CONCATENATE(A$3,"_",A27,"_",B27,"_",C27) | E27: Zbadanie interakcji: dział pakowania vs inne działy magazynu | F27: =IFERROR(VLOOKUP($I27,Listy!$A:$H,2,FALSE),"XXX") | G27: =IFERROR(VLOOKUP($I27,Listy!$A:$H,3,FALSE),"XXX") | H27: 4 | I27: .a01 | J27: =M26 | K27: =VLOOKUP(J27,Kalendarz!B:E,4,FALSE) | L27: =K27+N27 | M27: =J27+N27-1 | N27: 0 | O27: 160 | P27: 0.5 | Q27: 0 | R27: 0.5 | S27: 0 | Y27: 0 | Z27: 0 | AA27: 0 | AB27: 0 | AG27: =ROUND($O27*P27,0) | AH27: =ROUND($O27*Q27,0) | AI27: =ROUND($O27*R27,0) | AJ27: =ROUND($O27*S27,0) | AK27: =ROUND($O27*T27,0) | AL27: =ROUND($O27*U27,0) | AM27: =ROUND($O27*V27,0) | AN27: =ROUND($O27*W27,0) | ... AS27: =ROUND($O27*AB27,0) | AX27: =SUM(AG27:AO27) | AY27: =AX27/160 | AZ27: =VLOOKUP(I27,Listy!$A$1:$H$9,6,FALSE) | BA27: =AY27*AZ27 | BB27: =AY27*BA27 | BI27: =BG27*BH27 | BW27: =BU27*BV27 | CA27: =BY27*BZ27 | CE27: =CC27*CD27
A28: 3 | B28: c | C28: 1 | D28: =CONCATENATE(A$3,"_",A28,"_",B28,"_",C28) | E28: Zbadanie wpływu ograniczeń zasobów i zmiennych dynamicznych na PT | F28: =IFERROR(VLOOKUP($I28,Listy!$A:$H,2,FALSE),"XXX") | G28: =IFERROR(VLOOKUP($I28,Listy!$A:$H,3,FALSE),"XXX") | H28: 4 | I28: .a02 | J28: =M27 | K28: =VLOOKUP(J28,Kalendarz!B:E,4,FALSE) | L28: =K28+N28 | M28: =J28+N28-1 | N28: 0 | O28: 160 | P28: 0 | Q28: 0.5 | R28: 0 | S28: 0.5 | Y28: 0 | Z28: 0 | AA28: 0 | AB28: 0 | AG28: =ROUND($O28*P28,0) | AH28: =ROUND($O28*Q28,0) | AI28: =ROUND($O28*R28,0) | AJ28: =ROUND($O28*S28,0) | AK28: =ROUND($O28*T28,0) | AL28: =ROUND($O28*U28,0) | AM28: =ROUND($O28*V28,0) | AN28: =ROUND($O28*W28,0) | ... AS28: =ROUND($O28*AB28,0) | AX28: =SUM(AG28:AO28) | AY28: =AX28/160 | AZ28: =VLOOKUP(I28,Listy!$A$1:$H$9,6,FALSE) | BA28: =AY28*AZ28 | BB28: =AY28*BA28 | BI28: =BG28*BH28 | BW28: =BU28*BV28 | CA28: =BY28*BZ28 | CE28: =CC28*CD28
A29: 3 | B29: d | C29: 0 | D29: =CONCATENATE(A$3,"_",A29,"_",B29,"_",C29) | E29: Opracowanie modeli matematycznych/algorytmów symulacyjnych, uwzględniających KPI | J29: =M28 | K29: =VLOOKUP(J29,Kalendarz!B:E,4,FALSE) | L29: =K29+N29 | M29: =J29+N29-1 | N29: =ROUND(MAX(AG29:AO29)/Listy!$U$2,0) | BW29: =BU29*BV29 | CA29: =BY29*BZ29 | CE29: =CC29*CD29
A30: 3 | B30: d | C30: 1 | D30: =CONCATENATE(A$3,"_",A30,"_",B30,"_",C30) | E30: Opracowanie architektur modeli | F30: =IFERROR(VLOOKUP($I30,Listy!$A:$H,2,FALSE),"XXX") | G30: END | H30: 4 | I30: .e01 | J30: =M29 | K30: =VLOOKUP(J30,Kalendarz!B:E,4,FALSE) | L30: =K30+N30 | M30: =J30+N30-1 | N30: 1 | O30: 160 | P30: 0 | Q30: 0.25 | R30: 0 | S30: 0 | Y30: 0.25 | Z30: 0.25 | AA30: 0.25 | AB30: 0 | AG30: =ROUND($O30*P30,0) | AH30: =ROUND($O30*Q30,0) | AI30: =ROUND($O30*R30,0) | AJ30: =ROUND($O30*S30,0) | AK30: =ROUND($O30*T30,0) | AL30: =ROUND($O30*U30,0) | AM30: =ROUND($O30*V30,0) | AN30: =ROUND($O30*W30,0) | ... AS30: =ROUND($O30*AB30,0) | AX30: =SUM(AG30:AO30) | AY30: =AX30/160 | AZ30: =VLOOKUP(I30,Listy!$A$1:$H$9,6,FALSE) | BA30: =AY30*AZ30 | BB30: =AY30*BA30
A31: 3 | B31: d | C31: 2 | D31: =CONCATENATE(A$3,"_",A31,"_",B31,"_",C31) | E31: Implementacja opracowanych modeli | F31: =IFERROR(VLOOKUP($I31,Listy!$A:$H,2,FALSE),"XXX") | G31: END | H31: 5 | I31: .e02 | J31: =M30 | K31: =VLOOKUP(J31,Kalendarz!B:E,4,FALSE) | L31: =K31+N31 | M31: =J31+N31-1 | N31: 2 | O31: 320 | P31: 0.25 | Q31: 0 | R31: 0 | S31: 0 | Y31: 0.25 | Z31: 0.25 | AA31: 0.25 | AB31: 0 | AG31: =ROUND($O31*P31,0) | AH31: =ROUND($O31*Q31,0) | AI31: =ROUND($O31*R31,0) | AJ31: =ROUND($O31*S31,0) | AK31: =ROUND($O31*T31,0) | AL31: =ROUND($O31*U31,0) | AM31: =ROUND($O31*V31,0) | AN31: =ROUND($O31*W31,0) | ... AS31: =ROUND($O31*AB31,0) | AX31: =SUM(AG31:AO31) | AY31: =AX31/160 | AZ31: =VLOOKUP(I31,Listy!$A$1:$H$9,6,FALSE) | BA31: =AY31*AZ31 | BB31: =AY31*BA31
A32: 3 | B32: d | C32: 3 | D32: =CONCATENATE(A$3,"_",A32,"_",B32,"_",C32) | E32: Stworzenie procesu zasilania danymi | F32: =IFERROR(VLOOKUP($I32,Listy!$A:$H,2,FALSE),"XXX") | G32: END | H32: 5 | I32: .e03 | J32: =M31 | K32: =VLOOKUP(J32,Kalendarz!B:E,4,FALSE) | L32: =K32+N32 | M32: =J32+N32-1 | N32: 0 | O32: 120 | P32: 0 | Q32: 0 | R32: 0.333 | S32: 0 | Y32: 0.333 | Z32: 0.333 | AA32: 0 | AB32: 0 | AG32: =ROUND($O32*P32,0) | AH32: =ROUND($O32*Q32,0) | AI32: =ROUND($O32*R32,0) | AJ32: =ROUND($O32*S32,0) | AK32: =ROUND($O32*T32,0) | AL32: =ROUND($O32*U32,0) | AM32: =ROUND($O32*V32,0) | AN32: =ROUND($O32*W32,0) | ... AS32: =ROUND($O32*AB32,0) | AX32: =SUM(AG32:AO32) | AY32: =AX32/160 | AZ32: =VLOOKUP(I32,Listy!$A$1:$H$9,6,FALSE) | BA32: =AY32*AZ32 | BB32: =AY32*BA32
A33: 3 | B33: d | C33: 4 | D33: =CONCATENATE(A$3,"_",A33,"_",B33,"_",C33) | E33: Stworzenie procesu trenowania/uczenia modelu | F33: =IFERROR(VLOOKUP($I33,Listy!$A:$H,2,FALSE),"XXX") | G33: END | H33: 5 | I33: .e04 | J33: =M32 | K33: =VLOOKUP(J33,Kalendarz!B:E,4,FALSE) | L33: =K33+N33 | M33: =J33+N33-1 | N33: 0 | O33: 120 | P33: 0 | Q33: 0 | R33: 0 | S33: 0.333 | Y33: 0 | Z33: 0.333 | AA33: 0.333 | AB33: 0 | AG33: =ROUND($O33*P33,0) | AH33: =ROUND($O33*Q33,0) | AI33: =ROUND($O33*R33,0) | AJ33: =ROUND($O33*S33,0) | AK33: =ROUND($O33*T33,0) | AL33: =ROUND($O33*U33,0) | AM33: =ROUND($O33*V33,0) | AN33: =ROUND($O33*W33,0) | ... AS33: =ROUND($O33*AB33,0) | AX33: =SUM(AG33:AO33) | AY33: =AX33/160 | AZ33: =VLOOKUP(I33,Listy!$A$1:$H$9,6,FALSE) | BA33: =AY33*AZ33 | BB33: =AY33*BA33
A34: 3 | B34: d | C34: 5 | D34: =CONCATENATE(A$3,"_",A34,"_",B34,"_",C34) | E34: Stworzenie procesu ewaluacji modelu | F34: =IFERROR(VLOOKUP($I34,Listy!$A:$H,2,FALSE),"XXX") | G34: END | H34: 6 | I34: .e01 | J34: =M33 | K34: =VLOOKUP(J34,Kalendarz!B:E,4,FALSE) | L34: =K34+N34 | M34: =J34+N34-1 | N34: 1 | O34: 120 | P34: 0 | Q34: 0.333 | R34: 0 | S34: 0 | Y34: 0 | Z34: 0.333 | AA34: 0.333 | AB34: 0 | AG34: =ROUND($O34*P34,0) | AH34: =ROUND($O34*Q34,0) | AI34: =ROUND($O34*R34,0) | AJ34: =ROUND($O34*S34,0) | AK34: =ROUND($O34*T34,0) | AL34: =ROUND($O34*U34,0) | AM34: =ROUND($O34*V34,0) | AN34: =ROUND($O34*W34,0) | ... AS34: =ROUND($O34*AB34,0) | AX34: =SUM(AG34:AO34) | AY34: =AX34/160 | AZ34: =VLOOKUP(I34,Listy!$A$1:$H$9,6,FALSE) | BA34: =AY34*AZ34 | BB34: =AY34*BA34
